Workbook
Name avelarval: #REF!
Name data: #REF!

Sheet South_CPUE_2026
A1: Table X. Available abundance indices for South Atlantic in 2026.
A2: updated
B3: =+COUNT(B12:B75) -> 31 | D3: =+COUNT(D12:D75) -> 31 | F3: =+COUNT(F12:F75) -> 36 | H3: =+COUNT(H12:H75) -> 36 | J3: =+COUNT(J12:J75) -> 14 | L3: =+COUNT(L12:L75) -> 15 | N3: =+COUNT(N12:N75) -> 34 | P3: =+COUNT(P12:P75) -> 21 | R3: =+COUNT(R12:R75) -> 23 | T3: =+COUNT(T12:T75) -> 31
A4: series | B4: Joint LL | D4: BRA-URY LL_withVessel | F4: n_SPN LL | H4: w_SPN LL | J4: JPN LL1 | L4: JPN LL2 | N4: JPN LL3 | P4: ZAF LL | R4: CTP LL1 | T4: CTP LL2
A5: age range
A6: units of index | B6: count | D6: count | F6: count | H6: weight | J6: count | L6: count | N6: count | P6: weight | R6: count | T6: count
A7: area | B7: Satl | D7: west of SAtl | F7: SAtl | H7: SAtl | J7: SAtl | L7: SAtl | N7: SAtl | P7: east of SAtl
A8: method | B8: delta lognormal | D8: GLM-delta-lognormal | F8: GLM – Lognormal | H8: GLM – Lognormal | J8: GLMM (sdmTMB) | L8: GLMM (sdmTMB) | N8: GLMM (sdmTMB) | P8: GAMM- delta-lognormal | T8: delta lognormal
A9: time of the year | F9: all months | H9: all months | J9: all months | L9: all months | N9: all months | P9: all months
A10: source | B10: SCRS/2026/043 | D10: SCRS/2026/052 | F10: SCRS/2026/018 | H10: SCRS/2026/018 | J10: SCRS/2026/034 | L10: SCRS/2026/034 | N10: SCRS/2026/034 | P10: SCRS/2026/050 | R10: SCRS/2022/051 | T10: SCRS/2026/056
A11: Year | B11: Std. | C11: CV | D11: Std. | E11: CV | F11: Std. | G11: CV | H11: Std. | I11: CV | J11: Std. | K11: CV | L11: Std. | M11: CV | N11: Std. | O11: CV | P11: Std. | Q11: CV | R11: Std. | S11: CV | T11: Std. | U11: CV
A12: 1962 | J12: 2.5 | K12: 0.09
A13: 1963 | J13: 1.9 | K13: 0.12
A14: 1964 | J14: 1.7 | K14: 0.07
A15: 1965 | J15: 1.2 | K15: 0.07
A16: 1966 | J16: 0.91 | K16: 0.1
A17: 1967 | J17: 0.46 | K17: 0.07
A18: 1968 | J18: 0.8 | K18: 0.1 | R18: 0.32900989 | S18: 0.091082152
A19: =+A18+1 -> 1969 | J19: 0.86 | K19: 0.06 | R19: 0.26380077 | S19: 0.066517906
A20: =+A19+1 -> 1970 | J20: 0.81 | K20: 0.06 | R20: 0.27512696 | S20: 0.0640321
A21: =+A20+1 -> 1971 | J21: 0.54 | K21: 0.08 | R21: 0.32417798 | S21: 0.068732988
A22: =+A21+1 -> 1972 | J22: 0.44 | K22: 0.11 | R22: 0.24949572 | S22: 0.068458442
A23: =+A22+1 -> 1973 | J23: 0.61 | K23: 0.19 | R23: 0.26956262 | S23: 0.09107387
A24: =+A23+1 -> 1974 | J24: 0.63 | K24: 0.28 | R24: 0.24951919 | S24: 0.075164843
A25: =+A24+1 -> 1975 | J25: 0.62 | K25: 0.21 | R25: 0.21201619 | S25: 0.078718721
A26: =+A25+1 -> 1976 | L26: 0.66 | M26: 0.27 | R26: 0.11683259 | S26: 0.075932971
A27: =+A26+1 -> 1977 | L27: 0.79 | M27: 0.22 | R27: 0.12657646 | S27: 0.068159231
A28: =+A27+1 -> 1978 | L28: 0.69 | M28: 0.18 | R28: 0.14503671 | S28: 0.068119133
A29: =+A28+1 -> 1979 | L29: 0.8 | M29: 0.23 | R29: 0.19109822 | S29: 0.079214008
A30: =+A29+1 -> 1980 | L30: 0.8 | M30: 0.14 | R30: 0.19047168 | S30: 0.070038221
A31: =+A30+1 -> 1981 | L31: 0.77 | M31: 0.14 | R31: 0.20374611 | S31: 0.066576859
A32: =+A31+1 -> 1982 | L32: 0.88 | M32: 0.13 | R32: 0.17996659 | S32: 0.066675724
A33: =+A32+1 -> 1983 | L33: 0.76 | M33: 0.13 | R33: 0.17582462 | S33: 0.080338266
A34: =+A33+1 -> 1984 | L34: 1.1 | M34: 0.16 | R34: 0.20681564 | S34: 0.088079336
A35: =+A34+1 -> 1985 | L35: 1.5 | M35: 0.09 | R35: 0.15549286 | S35: 0.07743682
A36: =+A35+1 -> 1986 | L36: 1 | M36: 0.09 | R36: 0.14213072 | S36: 0.070361952
A37: =+A36+1 -> 1987 | L37: 1.5 | M37: 0.1 | R37: 0.16097631 | S37: 0.073649738
A38: =+A37+1 -> 1988 | L38: 1.3 | M38: 0.08 | R38: 0.18779184 | S38: 0.092280103
A39: =+A38+1 -> 1989 | F39: 9.6328 | G39: 0.06497 | H39: 516.604 | I39: 0.061881 | L39: 1.2 | M39: 0.09 | R39: 0.21338357 | S39: 0.093064833
A40: =+A39+1 -> 1990 | F40: 7.2861 | G40: 0.046691 | H40: 402.493 | I40: 0.044473 | L40: 1.3 | M40: 0.09 | R40: 0.18131009 | S40: 0.07659271
A41: =+A40+1 -> 1991 | F41: 7.4092 | G41: 0.043689 | H41: 394.518 | I41: 0.041614 | N41: 2 | O41: 0.07
A42: =+A41+1 -> 1992 | F42: 6.6774 | G42: 0.040008 | H42: 358.515 | I42: 0.038108 | N42: 2.1 | O42: 0.15
A43: =+A42+1 -> 1993 | F43: 6.0407 | G43: 0.034676 | H43: 311.089 | I43: 0.03303 | N43: 1.5 | O43: 0.1
A44: =+A43+1 -> 1994 | B44: 9.320395 | C44: 0.0463248 | D44: 0.915 | E44: 0.095 | F44: 7.3698 | G44: 0.035692 | H44: 359.152 | I44: 0.033998 | N44: 1.6 | O44: 0.09 | T44: 0.58632003 | U44: 0.068831921
A45: =+A44+1 -> 1995 | B45: 8.220347 | C45: 0.04532528 | D45: 1.262 | E45: 0.069 | F45: 8.6717 | G45: 0.035238 | H45: 410.605 | I45: 0.033564 | N45: 1.2 | O45: 0.12 | T45: 0.39702097 | U45: 0.062242574
A46: =+A45+1 -> 1996 | B46: 8.762103 | C46: 0.0446561 | D46: 1.216 | E46: 0.071 | F46: 7.5809 | G46: 0.033862 | H46: 365.611 | I46: 0.032254 | N46: 1.2 | O46: 0.13 | T46: 0.43723129 | U46: 0.051993661
A47: =+A46+1 -> 1997 | B47: 7.366469 | C47: 0.04476605 | D47: 1.191 | E47: 0.073 | F47: 7.6168 | G47: 0.031041 | H47: 360.356 | I47: 0.029567 | N47: 1.3 | O47: 0.15 | T47: 0.27092018 | U47: 0.055717891
A48: =+A47+1 -> 1998 | B48: 8.628698 | C48: 0.04492136 | D48: 1.249 | E48: 0.07 | F48: 7.5117 | G48: 0.033434 | H48: 348.788 | I48: 0.031847 | N48: 1.2 | O48: 0.14 | T48: 0.20128196 | U48: 0.06458414
A49: =+A48+1 -> 1999 | B49: 6.114747 | C49: 0.04422187 | D49: 1.032 | E49: 0.084 | F49: 7.87 | G49: 0.034288 | H49: 380.931 | I49: 0.03266 | N49: 1.1 | O49: 0.14 | T49: 0.18563456 | U49: 0.05178783
A50: =+A49+1 -> 2000 | B50: 6.895216 | C50: 0.04427172 | D50: 1.042 | E50: 0.083 | F50: 9.7862 | G50: 0.035204 | H50: 466.488 | I50: 0.033531 | N50: 1.2 | O50: 0.11 | T50: 0.22571988 | U50: 0.056578687
A51: =+A50+1 -> 2001 | B51: 6.172336 | C51: 0.04438518 | D51: 0.93 | E51: 0.093 | F51: 8.444 | G51: 0.03051 | H51: 419.367 | I51: 0.029061 | N51: 1 | O51: 0.12 | T51: 0.18706224 | U51: 0.064062501
A52: =+A51+1 -> 2002 | B52: 4.643064 | C52: 0.04406321 | D52: 0.803 | E52: 0.108 | F52: 7.9873 | G52: 0.031067 | H52: 402.289 | I52: 0.029592 | N52: 0.96 | O52: 0.16 | T52: 0.19299241 | U52: 0.059098013
A53: =+A52+1 -> 2003 | B53: 6.182151 | C53: 0.04442729 | D53: 1.056 | E53: 0.082 | F53: 7.3726 | G53: 0.03355 | H53: 355.931 | I53: 0.031958 | N53: 0.63 | O53: 0.13 | T53: 0.17051733 | U53: 0.069742869
A54: =+A53+1 -> 2004 | B54: 5.494389 | C54: 0.0439369 | D54: 1.017 | E54: 0.085 | F54: 7.4898 | G54: 0.041129 | H54: 347.283 | I54: 0.039176 | N54: 0.62 | O54: 0.15 | P54: 1.25 | Q54: 0.1358 | T54: 0.13814888 | U54: 0.064060675
A55: =+A54+1 -> 2005 | B55: 5.461979 | C55: 0.04384013 | D55: 1.145 | E55: 0.076 | F55: 8.9107 | G55: 0.040475 | H55: 422.905 | I55: 0.038552 | N55: 0.74 | O55: 0.16 | P55: 1.95 | Q55: 0.1079 | T55: 0.13632626 | U55: 0.0665514
A56: =+A55+1 -> 2006 | B56: 7.662971 | C56: 0.04382961 | D56: 1.161 | E56: 0.075 | F56: 8.8583 | G56: 0.039331 | H56: 422.565 | I56: 0.037463 | N56: 1.3 | O56: 0.17 | P56: 1.49 | Q56: 0.1236 | T56: 0.31501877 | U56: 0.067083124
A57: =+A56+1 -> 2007 | B57: 8.098747 | C57: 0.04382476 | D57: 1.304 | E57: 0.067 | F57: 8.6101 | G57: 0.040255 | H57: 414.295 | I57: 0.038343 | N57: 1 | O57: 0.18 | P57: 1.36 | Q57: 0.1192 | T57: 0.21815638 | U57: 0.060986345
A58: =+A57+1 -> 2008 | B58: 8.257424 | C58: 0.04433131 | D58: 1.206 | E58: 0.072 | F58: 8.1821 | G58: 0.035994 | H58: 402.001 | I58: 0.034284 | N58: 0.82 | O58: 0.15 | P58: 0.92 | Q58: 0.1271 | T58: 0.29318321 | U58: 0.062153778
A59: =+A58+1 -> 2009 | B59: 6.713899 | C59: 0.04443539 | D59: 1.059 | E59: 0.082 | F59: 8.9045 | G59: 0.034491 | H59: 442.355 | I59: 0.032854 | N59: 0.64 | O59: 0.12 | P59: 0.85 | Q59: 0.1285 | T59: 0.22203796 | U59: 0.06356133
A60: =+A59+1 -> 2010 | B60: 5.597206 | C60: 0.04508999 | D60: 1.142 | E60: 0.076 | F60: 9.0088 | G60: 0.036012 | H60: 432.819 | I60: 0.034301 | N60: 0.84 | O60: 0.12 | P60: 1.27 | Q60: 0.1151 | T60: 0.15449134 | U60: 0.07018186
A61: =+A60+1 -> 2011 | B61: 4.720184 | C61: 0.04462005 | D61: 1.073 | E61: 0.092 | F61: 8.6811 | G61: 0.034882 | H61: 419.6 | I61: 0.033225 | N61: 0.58 | O61: 0.07 | P61: 0.61 | Q61: 0.1393 | T61: 0.15193976 | U61: 0.062632578
A62: =+A61+1 -> 2012 | B62: 5.159227 | C62: 0.04441014 | D62: 1.104 | E62: 0.079 | F62: 9.2304 | G62: 0.038234 | H62: 446.983 | I62: 0.036418 | N62: 0.67 | O62: 0.08 | P62: 0.54 | Q62: 0.1502 | T62: 0.16068141 | U62: 0.068329966
A63: =+A62+1 -> 2013 | B63: 6.5476 | C63: 0.04491742 | D63: 1.269 | E63: 0.068 | F63: 9.0305 | G63: 0.039775 | H63: 447.617 | I63: 0.037886 | N63: 0.75 | O63: 0.1 | P63: 0.88 | Q63: 0.136 | T63: 0.22246192 | U63: 0.065476877
A64: =+A63+1 -> 2014 | B64: 5.25393 | C64: 0.04417304 | D64: 1.304 | E64: 0.067 | F64: 9.1165 | G64: 0.040912 | H64: 472.353 | I64: 0.038969 | N64: 0.84 | O64: 0.15 | P64: 0.83 | Q64: 0.1316 | T64: 0.16892338 | U64: 0.067905048
A65: =+A64+1 -> 2015 | B65: 6.143891 | C65: 0.04456296 | D65: 1.356 | E65: 0.064 | F65: 9.9363 | G65: 0.042128 | H65: 506.864 | I65: 0.040126 | N65: 1.1 | O65: 0.16 | P65: 1.01 | Q65: 0.1268 | T65: 0.20969281 | U65: 0.066328846
... A74: =+A73+1 -> 2024 | B74: 6.588863 | C74: 0.04407907 | D74: 0.588 | E74: 0.148 | F74: 9.7361 | G74: 0.025908 | H74: 489.498 | I74: 0.024679 | N74: 1.1 | O74: 0.21 | P74: 0.93 | Q74: 0.1154 | T74: 0.3332063 | U74: 0.070574401

Sheet South_Figure
A2: mean_per | B2: =+AVERAGE(B6:B68) -> 6.4827311 | C2: =+AVERAGE(C6:C68) -> 1.0794839 | D2: =+AVERAGE(D6:D68) -> 8.6215167 | E2: =+AVERAGE(E6:E68) -> 429.04511 | F2: =+AVERAGE(F6:F68) -> 0.99857143 | G2: =+AVERAGE(G6:G68) -> 1.0033333 | H2: =+AVERAGE(H6:H68) -> 1.0044118 | I2: =+AVERAGE(I6:I68) -> 1.0414286 | ... M2: =+AVERAGE(M6:M68) -> 0.24563786 | P2: scaled to mean
B3: =+COUNT(B6:B68) -> 31 | C3: =+COUNT(C6:C68) -> 31 | D3: =+COUNT(D6:D68) -> 36 | E3: =+COUNT(E6:E68) -> 36 | F3: =+COUNT(F6:F68) -> 14 | G3: =+COUNT(G6:G68) -> 15 | H3: =+COUNT(H6:H68) -> 34 | I3: =+COUNT(I6:I68) -> 21 | ... M3: =+COUNT(M6:M68) -> 31 | Q3: =+COUNT(Q6:Q68)-C3 -> 0 | R3: =+COUNT(R6:R68)-D3 -> 0 | S3: =+COUNT(S6:S68)-E3 -> 0 | T3: =+COUNT(T6:T68)-F3 -> 0 | U3: =+COUNT(U6:U68)-G3 -> 0 | V3: =+COUNT(V6:V68)-H3 -> 0 | W3: =+COUNT(W6:W68)-I3 -> 0 | X3: =+COUNT(X6:X68)-J3 -> 0 | ... AA3: =+COUNT(AA6:AA68)-M3 -> 0
B4: =+South_CPUE_2026!B3 -> 31 | C4: =+South_CPUE_2026!D3 -> 31 | D4: =+South_CPUE_2026!F3 -> 36 | E4: =+South_CPUE_2026!H3 -> 36 | F4: =+South_CPUE_2026!J3 -> 14 | G4: =+South_CPUE_2026!L3 -> 15 | H4: =+South_CPUE_2026!N3 -> 34 | I4: =+South_CPUE_2026!P3 -> 21 | J4: =+original!AO3 -> 31 | K4: =+original!AQ3 -> 12 | L4: =+South_CPUE_2026!R3 -> 23 | M4: =+South_CPUE_2026!T3 -> 31
A5: Year | B5: =+South_CPUE_2026!B4 -> Joint LL | C5: =+South_CPUE_2026!D4 -> BRA-URY LL_withVessel | D5: =+South_CPUE_2026!F4 -> n_SPN LL | E5: =+South_CPUE_2026!H4 -> w_SPN LL | F5: =+South_CPUE_2026!J4 -> JPN LL1 | G5: =+South_CPUE_2026!L4 -> JPN LL2 | H5: =+South_CPUE_2026!N4 -> JPN LL3 | I5: =+South_CPUE_2026!P4 -> ZAF LL | J5: =+original!AO4 -> URY LL hist* | K5: =+original!AQ4 -> URY LL* | L5: =+South_CPUE_2026!R4 -> CTP LL1 | M5: =+South_CPUE_2026!T4 -> CTP LL2 | P5: =+B5 -> Joint LL | Q5: =+C5 -> BRA-URY LL_withVessel | R5: =+D5 -> n_SPN LL | S5: =+E5 -> w_SPN LL | T5: =+F5 -> JPN LL1 | U5: =+G5 -> JPN LL2 | V5: =+H5 -> JPN LL3 | W5: =+I5 -> ZAF LL | ... AA5: =+M5 -> CTP LL2
A6: =+South_CPUE_2026!A12 -> 1962 | F6: =+South_CPUE_2026!J12 -> 2.5 | O6: =+A6 -> 1962 | T6: =+F6/F$2 -> 2.5035765
A7: =+South_CPUE_2026!A13 -> 1963 | F7: =+South_CPUE_2026!J13 -> 1.9 | O7: =+A7 -> 1963 | T7: =+F7/F$2 -> 1.9027182
A8: =+South_CPUE_2026!A14 -> 1964 | F8: =+South_CPUE_2026!J14 -> 1.7 | O8: =+A8 -> 1964 | T8: =+F8/F$2 -> 1.702432
A9: =+South_CPUE_2026!A15 -> 1965 | F9: =+South_CPUE_2026!J15 -> 1.2 | O9: =+A9 -> 1965 | T9: =+F9/F$2 -> 1.2017167
A10: =+South_CPUE_2026!A16 -> 1966 | F10: =+South_CPUE_2026!J16 -> 0.91 | O10: =+A10 -> 1966 | T10: =+F10/F$2 -> 0.91130186
A11: =+South_CPUE_2026!A17 -> 1967 | F11: =+South_CPUE_2026!J17 -> 0.46 | O11: =+A11 -> 1967 | T11: =+F11/F$2 -> 0.46065808
A12: =+South_CPUE_2026!A18 -> 1968 | F12: =+South_CPUE_2026!J18 -> 0.8 | L12: =+South_CPUE_2026!R18 -> 0.32900989 | O12: =+A12 -> 1968 | T12: =+F12/F$2 -> 0.80114449 | Z12: =+L12/L$2 -> 1.5930457
A13: =+South_CPUE_2026!A19 -> 1969 | F13: =+South_CPUE_2026!J19 -> 0.86 | L13: =+South_CPUE_2026!R19 -> 0.26380077 | O13: =+A13 -> 1969 | T13: =+F13/F$2 -> 0.86123033 | Z13: =+L13/L$2 -> 1.2773072
A14: =+South_CPUE_2026!A20 -> 1970 | F14: =+South_CPUE_2026!J20 -> 0.81 | L14: =+South_CPUE_2026!R20 -> 0.27512696 | O14: =+A14 -> 1970 | T14: =+F14/F$2 -> 0.8111588 | Z14: =+L14/L$2 -> 1.3321479
A15: =+South_CPUE_2026!A21 -> 1971 | F15: =+South_CPUE_2026!J21 -> 0.54 | L15: =+South_CPUE_2026!R21 -> 0.32417798 | O15: =+A15 -> 1971 | T15: =+F15/F$2 -> 0.54077253 | Z15: =+L15/L$2 -> 1.5696499
A16: =+South_CPUE_2026!A22 -> 1972 | F16: =+South_CPUE_2026!J22 -> 0.44 | L16: =+South_CPUE_2026!R22 -> 0.24949572 | O16: =+A16 -> 1972 | T16: =+F16/F$2 -> 0.44062947 | Z16: =+L16/L$2 -> 1.208043
A17: =+South_CPUE_2026!A23 -> 1973 | F17: =+South_CPUE_2026!J23 -> 0.61 | L17: =+South_CPUE_2026!R23 -> 0.26956262 | O17: =+A17 -> 1973 | T17: =+F17/F$2 -> 0.61087268 | Z17: =+L17/L$2 -> 1.3052057
A18: =+South_CPUE_2026!A24 -> 1974 | F18: =+South_CPUE_2026!J24 -> 0.63 | L18: =+South_CPUE_2026!R24 -> 0.24951919 | O18: =+A18 -> 1974 | T18: =+F18/F$2 -> 0.63090129 | Z18: =+L18/L$2 -> 1.2081566
A19: =+South_CPUE_2026!A25 -> 1975 | F19: =+South_CPUE_2026!J25 -> 0.62 | L19: =+South_CPUE_2026!R25 -> 0.21201619 | O19: =+A19 -> 1975 | T19: =+F19/F$2 -> 0.62088698 | Z19: =+L19/L$2 -> 1.0265694
A20: =+South_CPUE_2026!A26 -> 1976 | G20: =+South_CPUE_2026!L26 -> 0.66 | L20: =+South_CPUE_2026!R26 -> 0.11683259 | O20: =+A20 -> 1976 | U20: =+G20/G$2 -> 0.65780731 | Z20: =+L20/L$2 -> 0.56569624
A21: =+South_CPUE_2026!A27 -> 1977 | G21: =+South_CPUE_2026!L27 -> 0.79 | L21: =+South_CPUE_2026!R27 -> 0.12657646 | O21: =+A21 -> 1977 | U21: =+G21/G$2 -> 0.78737542 | Z21: =+L21/L$2 -> 0.61287547 | AJ21: joint index | AK21: 1994-2024
A22: =+South_CPUE_2026!A28 -> 1978 | G22: =+South_CPUE_2026!L28 -> 0.69 | L22: =+South_CPUE_2026!R28 -> 0.14503671 | O22: =+A22 -> 1978 | U22: =+G22/G$2 -> 0.68770764 | Z22: =+L22/L$2 -> 0.70225886 | AJ22: SPNLL (weight) | AK22: 1990-2024
A23: =+South_CPUE_2026!A29 -> 1979 | G23: =+South_CPUE_2026!L29 -> 0.8 | L23: =+South_CPUE_2026!R29 -> 0.19109822 | O23: =+A23 -> 1979 | U23: =+G23/G$2 -> 0.79734219 | Z23: =+L23/L$2 -> 0.92528586 | AJ23: JPNLL3 | AK23: 1990-2024
A24: =+South_CPUE_2026!A30 -> 1980 | G24: =+South_CPUE_2026!L30 -> 0.8 | L24: =+South_CPUE_2026!R30 -> 0.19047168 | O24: =+A24 -> 1980 | U24: =+G24/G$2 -> 0.79734219 | Z24: =+L24/L$2 -> 0.92225222 | AJ24: JPNLL2 | AK24: 1976-1989
A25: =+South_CPUE_2026!A31 -> 1981 | G25: =+South_CPUE_2026!L31 -> 0.77 | L25: =+South_CPUE_2026!R31 -> 0.20374611 | O25: =+A25 -> 1981 | U25: =+G25/G$2 -> 0.76744186 | Z25: =+L25/L$2 -> 0.98652617 | AJ25: JPNLL1 | AK25: use
A26: =+South_CPUE_2026!A32 -> 1982 | G26: =+South_CPUE_2026!L32 -> 0.88 | J26: =+original!AO34 -> 736 | L26: =+South_CPUE_2026!R32 -> 0.17996659 | O26: =+A26 -> 1982 | U26: =+G26/G$2 -> 0.87707641 | X26: =+J26/J$2 -> 2.4295602 | Z26: =+L26/L$2 -> 0.87138721 | AJ26: CTPLL1 | AK26: use
A27: =+South_CPUE_2026!A33 -> 1983 | G27: =+South_CPUE_2026!L33 -> 0.76 | J27: =+original!AO35 -> 407 | L27: =+South_CPUE_2026!R33 -> 0.17582462 | O27: =+A27 -> 1983 | U27: =+G27/G$2 -> 0.75747508 | X27: =+J27/J$2 -> 1.3435204 | Z27: =+L27/L$2 -> 0.85133205
A28: =+South_CPUE_2026!A34 -> 1984 | G28: =+South_CPUE_2026!L34 -> 1.1 | J28: =+original!AO36 -> 283 | L28: =+South_CPUE_2026!R34 -> 0.20681564 | O28: =+A28 -> 1984 | U28: =+G28/G$2 -> 1.0963455 | X28: =+J28/J$2 -> 0.93419231 | Z28: =+L28/L$2 -> 1.0013887
A29: =+South_CPUE_2026!A35 -> 1985 | G29: =+South_CPUE_2026!L35 -> 1.5 | J29: =+original!AO37 -> 155 | L29: =+South_CPUE_2026!R35 -> 0.15549286 | O29: =+A29 -> 1985 | U29: =+G29/G$2 -> 1.4950166 | X29: =+J29/J$2 -> 0.5116601 | Z29: =+L29/L$2 -> 0.75288691
A30: =+South_CPUE_2026!A36 -> 1986 | G30: =+South_CPUE_2026!L36 -> 1 | J30: =+original!AO38 -> 189 | L30: =+South_CPUE_2026!R36 -> 0.14213072 | O30: =+A30 -> 1986 | U30: =+G30/G$2 -> 0.99667774 | X30: =+J30/J$2 -> 0.62389522 | Z30: =+L30/L$2 -> 0.68818823
A31: =+South_CPUE_2026!A37 -> 1987 | G31: =+South_CPUE_2026!L37 -> 1.5 | J31: =+original!AO39 -> 386 | L31: =+South_CPUE_2026!R37 -> 0.16097631 | O31: =+A31 -> 1987 | U31: =+G31/G$2 -> 1.4950166 | X31: =+J31/J$2 -> 1.2741987 | Z31: =+L31/L$2 -> 0.77943744
A32: =+South_CPUE_2026!A38 -> 1988 | G32: =+South_CPUE_2026!L38 -> 1.3 | J32: =+original!AO40 -> 272 | L32: =+South_CPUE_2026!R38 -> 0.18779184 | O32: =+A32 -> 1988 | U32: =+G32/G$2 -> 1.2956811 | X32: =+J32/J$2 -> 0.89788095 | Z32: =+L32/L$2 -> 0.90927657
A33: =+South_CPUE_2026!A39 -> 1989 | D33: =+South_CPUE_2026!F39 -> 9.6328 | E33: =+South_CPUE_2026!H39 -> 516.604 | G33: =+South_CPUE_2026!L39 -> 1.2 | J33: =+original!AO41 -> 347 | L33: =+South_CPUE_2026!R39 -> 0.21338357 | O33: =+A33 -> 1989 | R33: =+D33/D$2 -> 1.1172976 | S33: =+E33/E$2 -> 1.2040785 | U33: =+G33/G$2 -> 1.1960133 | X33: =+J33/J$2 -> 1.1454584 | Z33: =+L33/L$2 -> 1.0331902
A34: =+South_CPUE_2026!A40 -> 1990 | D34: =+South_CPUE_2026!F40 -> 7.2861 | E34: =+South_CPUE_2026!H40 -> 402.493 | G34: =+South_CPUE_2026!L40 -> 1.3 | J34: =+original!AO42 -> 270 | L34: =+South_CPUE_2026!R40 -> 0.18131009 | O34: =+A34 -> 1990 | R34: =+D34/D$2 -> 0.84510653 | S34: =+E34/E$2 -> 0.93811347 | U34: =+G34/G$2 -> 1.2956811 | X34: =+J34/J$2 -> 0.89127888 | Z34: =+L34/L$2 -> 0.87789236
A35: =+South_CPUE_2026!A41 -> 1991 | D35: =+South_CPUE_2026!F41 -> 7.4092 | E35: =+South_CPUE_2026!H41 -> 394.518 | H35: =+South_CPUE_2026!N41 -> 2 | J35: =+original!AO43 -> 270 | O35: =+A35 -> 1991 | R35: =+D35/D$2 -> 0.85938476 | S35: =+E35/E$2 -> 0.91952569 | V35: =+H35/H$2 -> 1.9912152 | X35: =+J35/J$2 -> 0.89127888
A36: =+South_CPUE_2026!A42 -> 1992 | D36: =+South_CPUE_2026!F42 -> 6.6774 | E36: =+South_CPUE_2026!H42 -> 358.515 | H36: =+South_CPUE_2026!N42 -> 2.1 | J36: =+original!AO44 -> 189 | O36: =+A36 -> 1992 | R36: =+D36/D$2 -> 0.7745041 | S36: =+E36/E$2 -> 0.83561143 | V36: =+H36/H$2 -> 2.090776 | X36: =+J36/J$2 -> 0.62389522
A37: =+South_CPUE_2026!A43 -> 1993 | D37: =+South_CPUE_2026!F43 -> 6.0407 | E37: =+South_CPUE_2026!H43 -> 311.089 | H37: =+South_CPUE_2026!N43 -> 1.5 | J37: =+original!AO45 -> 463 | O37: =+A37 -> 1993 | R37: =+D37/D$2 -> 0.70065398 | S37: =+E37/E$2 -> 0.72507294 | V37: =+H37/H$2 -> 1.4934114 | X37: =+J37/J$2 -> 1.5283782
A38: =+South_CPUE_2026!A44 -> 1994 | B38: =+South_CPUE_2026!B44 -> 9.320395 | C38: =+South_CPUE_2026!D44 -> 0.915 | D38: =+South_CPUE_2026!F44 -> 7.3698 | E38: =+South_CPUE_2026!H44 -> 359.152 | H38: =+South_CPUE_2026!N44 -> 1.6 | J38: =+original!AO46 -> 334 | M38: =+South_CPUE_2026!T44 -> 0.58632003 | O38: =+A38 -> 1994 | P38: =+B38/B$2 -> 1.4377266 | Q38: =+C38/C$2 -> 0.8476273 | R38: =+D38/D$2 -> 0.85481479 | S38: =+E38/E$2 -> 0.83709613 | V38: =+H38/H$2 -> 1.5929722 | X38: =+J38/J$2 -> 1.102545 | AA38: =+M38/M$2 -> 2.3869285
A39: =+South_CPUE_2026!A45 -> 1995 | B39: =+South_CPUE_2026!B45 -> 8.220347 | C39: =+South_CPUE_2026!D45 -> 1.262 | D39: =+South_CPUE_2026!F45 -> 8.6717 | E39: =+South_CPUE_2026!H45 -> 410.605 | H39: =+South_CPUE_2026!N45 -> 1.2 | J39: =+original!AO47 -> 500 | M39: =+South_CPUE_2026!T45 -> 0.39702097 | O39: =+A39 -> 1995 | P39: =+B39/B$2 -> 1.2680376 | Q39: =+C39/C$2 -> 1.1690772 | R39: =+D39/D$2 -> 1.0058207 | S39: =+E39/E$2 -> 0.95702058 | V39: =+H39/H$2 -> 1.1947291 | X39: =+J39/J$2 -> 1.6505165 | AA39: =+M39/M$2 -> 1.6162857
A40: =+South_CPUE_2026!A46 -> 1996 | B40: =+South_CPUE_2026!B46 -> 8.762103 | C40: =+South_CPUE_2026!D46 -> 1.216 | D40: =+South_CPUE_2026!F46 -> 7.5809 | E40: =+South_CPUE_2026!H46 -> 365.611 | H40: =+South_CPUE_2026!N46 -> 1.2 | J40: =+original!AO48 -> 416 | M40: =+South_CPUE_2026!T46 -> 0.43723129 | O40: =+A40 -> 1996 | P40: =+B40/B$2 -> 1.3516067 | Q40: =+C40/C$2 -> 1.1264643 | R40: =+D40/D$2 -> 0.87930005 | S40: =+E40/E$2 -> 0.85215049 | V40: =+H40/H$2 -> 1.1947291 | X40: =+J40/J$2 -> 1.3732297 | AA40: =+M40/M$2 -> 1.7799833
A41: =+South_CPUE_2026!A47 -> 1997 | B41: =+South_CPUE_2026!B47 -> 7.366469 | C41: =+South_CPUE_2026!D47 -> 1.191 | D41: =+South_CPUE_2026!F47 -> 7.6168 | E41: =+South_CPUE_2026!H47 -> 360.356 | H41: =+South_CPUE_2026!N47 -> 1.3 | J41: =+original!AO49 -> 452 | M41: =+South_CPUE_2026!T47 -> 0.27092018 | O41: =+A41 -> 1997 | P41: =+B41/B$2 -> 1.1363218 | Q41: =+C41/C$2 -> 1.103305 | R41: =+D41/D$2 -> 0.88346405 | S41: =+E41/E$2 -> 0.83990236 | V41: =+H41/H$2 -> 1.2942899 | X41: =+J41/J$2 -> 1.4920669 | AA41: =+M41/M$2 -> 1.1029252
A42: =+South_CPUE_2026!A48 -> 1998 | B42: =+South_CPUE_2026!B48 -> 8.628698 | C42: =+South_CPUE_2026!D48 -> 1.249 | D42: =+South_CPUE_2026!F48 -> 7.5117 | E42: =+South_CPUE_2026!H48 -> 348.788 | H42: =+South_CPUE_2026!N48 -> 1.2 | J42: =+original!AO50 -> 347 | M42: =+South_CPUE_2026!T48 -> 0.20128196 | O42: =+A42 -> 1998 | P42: =+B42/B$2 -> 1.3310282 | Q42: =+C42/C$2 -> 1.1570344 | R42: =+D42/D$2 -> 0.87127362 | S42: =+E42/E$2 -> 0.81294016 | V42: =+H42/H$2 -> 1.1947291 | X42: =+J42/J$2 -> 1.1454584 | AA42: =+M42/M$2 -> 0.81942563
A43: =+South_CPUE_2026!A49 -> 1999 | B43: =+South_CPUE_2026!B49 -> 6.114747 | C43: =+South_CPUE_2026!D49 -> 1.032 | D43: =+South_CPUE_2026!F49 -> 7.87 | E43: =+South_CPUE_2026!H49 -> 380.931 | H43: =+South_CPUE_2026!N49 -> 1.1 | J43: =+original!AO51 -> 330 | M43: =+South_CPUE_2026!T49 -> 0.18563456 | O43: =+A43 -> 1999 | P43: =+B43/B$2 -> 0.94323625 | Q43: =+C43/C$2 -> 0.95601243 | R43: =+D43/D$2 -> 0.91283243 | S43: =+E43/E$2 -> 0.88785769 | V43: =+H43/H$2 -> 1.0951684 | X43: =+J43/J$2 -> 1.0893409 | AA43: =+M43/M$2 -> 0.75572454
A44: =+South_CPUE_2026!A50 -> 2000 | B44: =+South_CPUE_2026!B50 -> 6.895216 | C44: =+South_CPUE_2026!D50 -> 1.042 | D44: =+South_CPUE_2026!F50 -> 9.7862 | E44: =+South_CPUE_2026!H50 -> 466.488 | H44: =+South_CPUE_2026!N50 -> 1.2 | J44: =+original!AO52 -> 376 | M44: =+South_CPUE_2026!T50 -> 0.22571988 | O44: =+A44 -> 2000 | P44: =+B44/B$2 -> 1.0636283 | Q44: =+C44/C$2 -> 0.96527612 | R44: =+D44/D$2 -> 1.1350903 | S44: =+E44/E$2 -> 1.0872703 | V44: =+H44/H$2 -> 1.1947291 | X44: =+J44/J$2 -> 1.2411884 | AA44: =+M44/M$2 -> 0.91891323
A45: =+South_CPUE_2026!A51 -> 2001 | B45: =+South_CPUE_2026!B51 -> 6.172336 | C45: =+South_CPUE_2026!D51 -> 0.93 | D45: =+South_CPUE_2026!F51 -> 8.444 | E45: =+South_CPUE_2026!H51 -> 419.367 | H45: =+South_CPUE_2026!N51 -> 1 | J45: =+original!AO53 -> 334 | K45: =+original!AQ53 -> 6.47 | M45: =+South_CPUE_2026!T51 -> 0.18706224 | O45: =+A45 -> 2001 | P45: =+B45/B$2 -> 0.9521197 | Q45: =+C45/C$2 -> 0.86152283 | R45: =+D45/D$2 -> 0.97941004 | S45: =+E45/E$2 -> 0.97744267 | V45: =+H45/H$2 -> 0.99560761 | X45: =+J45/J$2 -> 1.102545 | Y45: =+K45/K$2 -> 1.4175644 | AA45: =+M45/M$2 -> 0.76153665
A46: =+South_CPUE_2026!A52 -> 2002 | B46: =+South_CPUE_2026!B52 -> 4.643064 | C46: =+South_CPUE_2026!D52 -> 0.803 | D46: =+South_CPUE_2026!F52 -> 7.9873 | E46: =+South_CPUE_2026!H52 -> 402.289 | H46: =+South_CPUE_2026!N52 -> 0.96 | J46: =+original!AO54 -> 188 | K46: =+original!AQ54 -> 4.13 | M46: =+South_CPUE_2026!T52 -> 0.19299241 | O46: =+A46 -> 2002 | P46: =+B46/B$2 -> 0.71622036 | Q46: =+C46/C$2 -> 0.74387401 | R46: =+D46/D$2 -> 0.92643792 | S46: =+E46/E$2 -> 0.937638 | V46: =+H46/H$2 -> 0.95578331 | X46: =+J46/J$2 -> 0.62059419 | Y46: =+K46/K$2 -> 0.90487493 | AA46: =+M46/M$2 -> 0.78567859
A47: =+South_CPUE_2026!A53 -> 2003 | B47: =+South_CPUE_2026!B53 -> 6.182151 | C47: =+South_CPUE_2026!D53 -> 1.056 | D47: =+South_CPUE_2026!F53 -> 7.3726 | E47: =+South_CPUE_2026!H53 -> 355.931 | H47: =+South_CPUE_2026!N53 -> 0.63 | J47: =+original!AO55 -> 193 | K47: =+original!AQ55 -> 6.17 | M47: =+South_CPUE_2026!T53 -> 0.17051733 | O47: =+A47 -> 2003 | P47: =+B47/B$2 -> 0.95363372 | Q47: =+C47/C$2 -> 0.97824528 | R47: =+D47/D$2 -> 0.85513956 | S47: =+E47/E$2 -> 0.82958876 | V47: =+H47/H$2 -> 0.6272328 | X47: =+J47/J$2 -> 0.63709935 | Y47: =+K47/K$2 -> 1.3518349 | AA47: =+M47/M$2 -> 0.69418176
A48: =+South_CPUE_2026!A54 -> 2004 | B48: =+South_CPUE_2026!B54 -> 5.494389 | C48: =+South_CPUE_2026!D54 -> 1.017 | D48: =+South_CPUE_2026!F54 -> 7.4898 | E48: =+South_CPUE_2026!H54 -> 347.283 | H48: =+South_CPUE_2026!N54 -> 0.62 | I48: =+South_CPUE_2026!P54 -> 1.25 | J48: =+original!AO56 -> 312 | K48: =+original!AQ56 -> 5.22 | M48: =+South_CPUE_2026!T54 -> 0.13814888 | O48: =+A48 -> 2004 | P48: =+B48/B$2 -> 0.84754232 | Q48: =+C48/C$2 -> 0.9421169 | R48: =+D48/D$2 -> 0.86873346 | S48: =+E48/E$2 -> 0.80943237 | V48: =+H48/H$2 -> 0.61727672 | W48: =+I48/I$2 -> 1.2002743 | X48: =+J48/J$2 -> 1.0299223 | Y48: =+K48/K$2 -> 1.1436918 | AA48: =+M48/M$2 -> 0.56240872
A49: =+South_CPUE_2026!A55 -> 2005 | B49: =+South_CPUE_2026!B55 -> 5.461979 | C49: =+South_CPUE_2026!D55 -> 1.145 | D49: =+South_CPUE_2026!F55 -> 8.9107 | E49: =+South_CPUE_2026!H55 -> 422.905 | H49: =+South_CPUE_2026!N55 -> 0.74 | I49: =+South_CPUE_2026!P55 -> 1.95 | J49: =+original!AO57 -> 250 | K49: =+original!AQ57 -> 5.21 | M49: =+South_CPUE_2026!T55 -> 0.13632626 | O49: =+A49 -> 2005 | P49: =+B49/B$2 -> 0.84254289 | Q49: =+C49/C$2 -> 1.0606921 | R49: =+D49/D$2 -> 1.033542 | S49: =+E49/E$2 -> 0.98568889 | V49: =+H49/H$2 -> 0.73674963 | W49: =+I49/I$2 -> 1.872428 | X49: =+J49/J$2 -> 0.82525823 | Y49: =+K49/K$2 -> 1.1415008 | AA49: =+M49/M$2 -> 0.55498878
A50: =+South_CPUE_2026!A56 -> 2006 | B50: =+South_CPUE_2026!B56 -> 7.662971 | C50: =+South_CPUE_2026!D56 -> 1.161 | D50: =+South_CPUE_2026!F56 -> 8.8583 | E50: =+South_CPUE_2026!H56 -> 422.565 | H50: =+South_CPUE_2026!N56 -> 1.3 | I50: =+South_CPUE_2026!P56 -> 1.49 | J50: =+original!AO58 -> 303 | K50: =+original!AQ58 -> 5.5 | M50: =+South_CPUE_2026!T56 -> 0.31501877 | O50: =+A50 -> 2006 | P50: =+B50/B$2 -> 1.1820591 | Q50: =+C50/C$2 -> 1.075514 | R50: =+D50/D$2 -> 1.0274642 | S50: =+E50/E$2 -> 0.98489643 | V50: =+H50/H$2 -> 1.2942899 | W50: =+I50/I$2 -> 1.430727 | X50: =+J50/J$2 -> 1.000213 | Y50: =+K50/K$2 -> 1.2050393 | AA50: =+M50/M$2 -> 1.282452
A51: =+South_CPUE_2026!A57 -> 2007 | B51: =+South_CPUE_2026!B57 -> 8.098747 | C51: =+South_CPUE_2026!D57 -> 1.304 | D51: =+South_CPUE_2026!F57 -> 8.6101 | E51: =+South_CPUE_2026!H57 -> 414.295 | H51: =+South_CPUE_2026!N57 -> 1 | I51: =+South_CPUE_2026!P57 -> 1.36 | J51: =+original!AO59 -> 284 | K51: =+original!AQ59 -> 4.96 | M51: =+South_CPUE_2026!T57 -> 0.21815638 | O51: =+A51 -> 2007 | P51: =+B51/B$2 -> 1.2492801 | Q51: =+C51/C$2 -> 1.2079847 | R51: =+D51/D$2 -> 0.99867579 | S51: =+E51/E$2 -> 0.96562107 | V51: =+H51/H$2 -> 0.99560761 | W51: =+I51/I$2 -> 1.3058985 | X51: =+J51/J$2 -> 0.93749334 | Y51: =+K51/K$2 -> 1.0867263 | AA51: =+M51/M$2 -> 0.88812194
A52: =+South_CPUE_2026!A58 -> 2008 | B52: =+South_CPUE_2026!B58 -> 8.257424 | C52: =+South_CPUE_2026!D58 -> 1.206 | D52: =+South_CPUE_2026!F58 -> 8.1821 | E52: =+South_CPUE_2026!H58 -> 402.001 | H52: =+South_CPUE_2026!N58 -> 0.82 | I52: =+South_CPUE_2026!P58 -> 0.92 | J52: =+original!AO60 -> 177 | K52: =+original!AQ60 -> 3.23 | M52: =+South_CPUE_2026!T58 -> 0.29318321 | O52: =+A52 -> 2008 | P52: =+B52/B$2 -> 1.273757 | Q52: =+C52/C$2 -> 1.1172006 | R52: =+D52/D$2 -> 0.94903256 | S52: =+E52/E$2 -> 0.93696674 | V52: =+H52/H$2 -> 0.81639824 | W52: =+I52/I$2 -> 0.88340192 | X52: =+J52/J$2 -> 0.58428282 | Y52: =+K52/K$2 -> 0.70768669 | AA52: =+M52/M$2 -> 1.1935587
A53: =+South_CPUE_2026!A59 -> 2009 | B53: =+South_CPUE_2026!B59 -> 6.713899 | C53: =+South_CPUE_2026!D59 -> 1.059 | D53: =+South_CPUE_2026!F59 -> 8.9045 | E53: =+South_CPUE_2026!H59 -> 442.355 | H53: =+South_CPUE_2026!N59 -> 0.64 | I53: =+South_CPUE_2026!P59 -> 0.85 | J53: =+original!AO61 -> 210 | K53: =+original!AQ61 -> 3.51 | M53: =+South_CPUE_2026!T59 -> 0.22203796 | O53: =+A53 -> 2009 | P53: =+B53/B$2 -> 1.035659 | Q53: =+C53/C$2 -> 0.98102438 | R53: =+D53/D$2 -> 1.0328229 | S53: =+E53/E$2 -> 1.0310221 | V53: =+H53/H$2 -> 0.63718887 | W53: =+I53/I$2 -> 0.81618656 | X53: =+J53/J$2 -> 0.69321691 | Y53: =+K53/K$2 -> 0.76903414 | AA53: =+M53/M$2 -> 0.90392398
A54: =+South_CPUE_2026!A60 -> 2010 | B54: =+South_CPUE_2026!B60 -> 5.597206 | C54: =+South_CPUE_2026!D60 -> 1.142 | D54: =+South_CPUE_2026!F60 -> 9.0088 | E54: =+South_CPUE_2026!H60 -> 432.819 | H54: =+South_CPUE_2026!N60 -> 0.84 | I54: =+South_CPUE_2026!P60 -> 1.27 | J54: =+original!AO62 -> 206 | K54: =+original!AQ62 -> 3.29 | M54: =+South_CPUE_2026!T60 -> 0.15449134 | O54: =+A54 -> 2010 | P54: =+B54/B$2 -> 0.86340246 | Q54: =+C54/C$2 -> 1.057913 | R54: =+D54/D$2 -> 1.0449206 | S54: =+E54/E$2 -> 1.008796 | V54: =+H54/H$2 -> 0.8363104 | W54: =+I54/I$2 -> 1.2194787 | X54: =+J54/J$2 -> 0.68001278 | Y54: =+K54/K$2 -> 0.72083257 | AA54: =+M54/M$2 -> 0.62893942
A55: =+South_CPUE_2026!A61 -> 2011 | B55: =+South_CPUE_2026!B61 -> 4.720184 | C55: =+South_CPUE_2026!D61 -> 1.073 | D55: =+South_CPUE_2026!F61 -> 8.6811 | E55: =+South_CPUE_2026!H61 -> 419.6 | H55: =+South_CPUE_2026!N61 -> 0.58 | I55: =+South_CPUE_2026!P61 -> 0.61 | J55: =+original!AO63 -> 91 | K55: =+original!AQ63 -> 2 | M55: =+South_CPUE_2026!T61 -> 0.15193976 | O55: =+A55 -> 2011 | P55: =+B55/B$2 -> 0.72811658 | Q55: =+C55/C$2 -> 0.99399355 | R55: =+D55/D$2 -> 1.006911 | S55: =+E55/E$2 -> 0.97798574 | V55: =+H55/H$2 -> 0.57745242 | W55: =+I55/I$2 -> 0.58573388 | X55: =+J55/J$2 -> 0.30039399 | Y55: =+K55/K$2 -> 0.43819609 | AA55: =+M55/M$2 -> 0.61855188
A56: =+South_CPUE_2026!A62 -> 2012 | B56: =+South_CPUE_2026!B62 -> 5.159227 | C56: =+South_CPUE_2026!D62 -> 1.104 | D56: =+South_CPUE_2026!F62 -> 9.2304 | E56: =+South_CPUE_2026!H62 -> 446.983 | H56: =+South_CPUE_2026!N62 -> 0.67 | I56: =+South_CPUE_2026!P62 -> 0.54 | J56: =+original!AO64 -> 121 | K56: =+original!AQ64 -> 5.08 | M56: =+South_CPUE_2026!T62 -> 0.16068141 | O56: =+A56 -> 2012 | P56: =+B56/B$2 -> 0.79584158 | Q56: =+C56/C$2 -> 1.022711 | R56: =+D56/D$2 -> 1.0706237 | S56: =+E56/E$2 -> 1.0418089 | V56: =+H56/H$2 -> 0.6670571 | W56: =+I56/I$2 -> 0.51851852 | X56: =+J56/J$2 -> 0.39942498 | Y56: =+K56/K$2 -> 1.1130181 | AA56: =+M56/M$2 -> 0.65413943
A57: =+South_CPUE_2026!A63 -> 2013 | B57: =+South_CPUE_2026!B63 -> 6.5476 | C57: =+South_CPUE_2026!D63 -> 1.269 | D57: =+South_CPUE_2026!F63 -> 9.0305 | E57: =+South_CPUE_2026!H63 -> 447.617 | H57: =+South_CPUE_2026!N63 -> 0.75 | I57: =+South_CPUE_2026!P63 -> 0.88 | M57: =+South_CPUE_2026!T63 -> 0.22246192 | O57: =+A57 -> 2013 | P57: =+B57/B$2 -> 1.0100064 | Q57: =+C57/C$2 -> 1.1755618 | R57: =+D57/D$2 -> 1.0474375 | S57: =+E57/E$2 -> 1.0432866 | V57: =+H57/H$2 -> 0.74670571 | W57: =+I57/I$2 -> 0.84499314 | AA57: =+M57/M$2 -> 0.90564995
A58: =+South_CPUE_2026!A64 -> 2014 | B58: =+South_CPUE_2026!B64 -> 5.25393 | C58: =+South_CPUE_2026!D64 -> 1.304 | D58: =+South_CPUE_2026!F64 -> 9.1165 | E58: =+South_CPUE_2026!H64 -> 472.353 | H58: =+South_CPUE_2026!N64 -> 0.84 | I58: =+South_CPUE_2026!P64 -> 0.83 | M58: =+South_CPUE_2026!T64 -> 0.16892338 | O58: =+A58 -> 2014 | P58: =+B58/B$2 -> 0.81045009 | Q58: =+C58/C$2 -> 1.2079847 | R58: =+D58/D$2 -> 1.0574126 | S58: =+E58/E$2 -> 1.1009402 | V58: =+H58/H$2 -> 0.8363104 | W58: =+I58/I$2 -> 0.79698217 | AA58: =+M58/M$2 -> 0.68769277
A59: =+South_CPUE_2026!A65 -> 2015 | B59: =+South_CPUE_2026!B65 -> 6.143891 | C59: =+South_CPUE_2026!D65 -> 1.356 | D59: =+South_CPUE_2026!F65 -> 9.9363 | E59: =+South_CPUE_2026!H65 -> 506.864 | H59: =+South_CPUE_2026!N65 -> 1.1 | I59: =+South_CPUE_2026!P65 -> 1.01 | M59: =+South_CPUE_2026!T65 -> 0.20969281 | O59: =+A59 -> 2015 | P59: =+B59/B$2 -> 0.94773189 | Q59: =+C59/C$2 -> 1.2561559 | R59: =+D59/D$2 -> 1.1525002 | S59: =+E59/E$2 -> 1.1813769 | V59: =+H59/H$2 -> 1.0951684 | W59: =+I59/I$2 -> 0.96982167 | AA59: =+M59/M$2 -> 0.85366649
A60: =+South_CPUE_2026!A66 -> 2016 | B60: =+South_CPUE_2026!B66 -> 5.623892 | C60: =+South_CPUE_2026!D66 -> 1.244 | D60: =+South_CPUE_2026!F66 -> 10.5943 | E60: =+South_CPUE_2026!H66 -> 552.692 | H60: =+South_CPUE_2026!N66 -> 0.99 | I60: =+South_CPUE_2026!P66 -> 1.11 | M60: =+South_CPUE_2026!T66 -> 0.21128443 | O60: =+A60 -> 2016 | P60: =+B60/B$2 -> 0.86751893 | Q60: =+C60/C$2 -> 1.1524026 | R60: =+D60/D$2 -> 1.2288209 | S60: =+E60/E$2 -> 1.2881909 | V60: =+H60/H$2 -> 0.98565154 | W60: =+I60/I$2 -> 1.0658436 | AA60: =+M60/M$2 -> 0.86014601
A61: =+South_CPUE_2026!A67 -> 2017 | B61: =+South_CPUE_2026!B67 -> 5.249965 | C61: =+South_CPUE_2026!D67 -> 1.173 | D61: =+South_CPUE_2026!F67 -> 10.4672 | E61: =+South_CPUE_2026!H67 -> 543.92 | H61: =+South_CPUE_2026!N67 -> 0.92 | I61: =+South_CPUE_2026!P67 -> 0.9 | M61: =+South_CPUE_2026!T67 -> 0.18151495 | O61: =+A61 -> 2017 | P61: =+B61/B$2 -> 0.80983846 | Q61: =+C61/C$2 -> 1.0866304 | R61: =+D61/D$2 -> 1.2140787 | S61: =+E61/E$2 -> 1.2677455 | V61: =+H61/H$2 -> 0.915959 | W61: =+I61/I$2 -> 0.86419753 | AA61: =+M61/M$2 -> 0.73895348
A62: =+South_CPUE_2026!A68 -> 2018 | B62: =+South_CPUE_2026!B68 -> 6.486949 | C62: =+South_CPUE_2026!D68 -> 1.172 | D62: =+South_CPUE_2026!F68 -> 9.3323 | E62: =+South_CPUE_2026!H68 -> 483.879 | H62: =+South_CPUE_2026!N68 -> 0.58 | I62: =+South_CPUE_2026!P68 -> 0.96 | M62: =+South_CPUE_2026!T68 -> 0.21079967 | O62: =+A62 -> 2018 | P62: =+B62/B$2 -> 1.0006506 | Q62: =+C62/C$2 -> 1.085704 | R62: =+D62/D$2 -> 1.082443 | S62: =+E62/E$2 -> 1.1278045 | V62: =+H62/H$2 -> 0.57745242 | W62: =+I62/I$2 -> 0.9218107 | AA62: =+M62/M$2 -> 0.85817255
A63: =+South_CPUE_2026!A69 -> 2019 | B63: =+South_CPUE_2026!B69 -> 5.297279 | C63: =+South_CPUE_2026!D69 -> 1.026 | D63: =+South_CPUE_2026!F69 -> 9.7132 | E63: =+South_CPUE_2026!H69 -> 490.722 | H63: =+South_CPUE_2026!N69 -> 0.72 | I63: =+South_CPUE_2026!P69 -> 1.35 | M63: =+South_CPUE_2026!T69 -> 0.17868312 | O63: =+A63 -> 2019 | P63: =+B63/B$2 -> 0.81713693 | Q63: =+C63/C$2 -> 0.95045422 | R63: =+D63/D$2 -> 1.1266231 | S63: =+E63/E$2 -> 1.1437539 | V63: =+H63/H$2 -> 0.71683748 | W63: =+I63/I$2 -> 1.2962963 | AA63: =+M63/M$2 -> 0.72742499
A64: =+South_CPUE_2026!A70 -> 2020 | B64: =+South_CPUE_2026!B70 -> 5.318477 | C64: =+South_CPUE_2026!D70 -> 0.901 | D64: =+South_CPUE_2026!F70 -> 8.4941 | E64: =+South_CPUE_2026!H70 -> 425.762 | H64: =+South_CPUE_2026!N70 -> 0.86 | I64: =+South_CPUE_2026!P70 -> 0.84 | M64: =+South_CPUE_2026!T70 -> 0.23849027 | O64: =+A64 -> 2020 | P64: =+B64/B$2 -> 0.82040685 | Q64: =+C64/C$2 -> 0.83465814 | R64: =+D64/D$2 -> 0.98522108 | S64: =+E64/E$2 -> 0.99234787 | V64: =+H64/H$2 -> 0.85622255 | W64: =+I64/I$2 -> 0.80658436 | AA64: =+M64/M$2 -> 0.97090188
A65: =+South_CPUE_2026!A71 -> 2021 | B65: =+South_CPUE_2026!B71 -> 5.524823 | C65: =+South_CPUE_2026!D71 -> 0.842 | D65: =+South_CPUE_2026!F71 -> 9.2329 | E65: =+South_CPUE_2026!H71 -> 467.341 | H65: =+South_CPUE_2026!N71 -> 0.62 | I65: =+South_CPUE_2026!P71 -> 0.97 | M65: =+South_CPUE_2026!T71 -> 0.37496517 | O65: =+A65 -> 2021 | P65: =+B65/B$2 -> 0.85223695 | Q65: =+C65/C$2 -> 0.78000239 | R65: =+D65/D$2 -> 1.0709137 | S65: =+E65/E$2 -> 1.0892584 | V65: =+H65/H$2 -> 0.61727672 | W65: =+I65/I$2 -> 0.93141289 | AA65: =+M65/M$2 -> 1.5264958
A66: =+South_CPUE_2026!A72 -> 2022 | B66: =+South_CPUE_2026!B72 -> 6.113917 | C66: =+South_CPUE_2026!D72 -> 0.856 | D66: =+South_CPUE_2026!F72 -> 8.7982 | E66: =+South_CPUE_2026!H72 -> 434.618 | H66: =+South_CPUE_2026!N72 -> 0.54 | I66: =+South_CPUE_2026!P72 -> 0.86 | M66: =+South_CPUE_2026!T72 -> 0.33888995 | O66: =+A66 -> 2022 | P66: =+B66/B$2 -> 0.94310822 | Q66: =+C66/C$2 -> 0.79297155 | R66: =+D66/D$2 -> 1.0204933 | S66: =+E66/E$2 -> 1.0129891 | V66: =+H66/H$2 -> 0.53762811 | W66: =+I66/I$2 -> 0.82578875 | AA66: =+M66/M$2 -> 1.3796324
A67: =+South_CPUE_2026!A73 -> 2023 | B67: =+South_CPUE_2026!B73 -> 7.343527 | C67: =+South_CPUE_2026!D73 -> 0.826 | D67: =+South_CPUE_2026!F73 -> 10.79 | E67: =+South_CPUE_2026!H73 -> 526.815 | H67: =+South_CPUE_2026!N73 -> 0.93 | I67: =+South_CPUE_2026!P73 -> 0.99 | M67: =+South_CPUE_2026!T73 -> 0.30117701 | O67: =+A67 -> 2023 | P67: =+B67/B$2 -> 1.1327829 | Q67: =+C67/C$2 -> 0.76518049 | R67: =+D67/D$2 -> 1.2515199 | S67: =+E67/E$2 -> 1.2278779 | V67: =+H67/H$2 -> 0.92591508 | W67: =+I67/I$2 -> 0.95061728 | AA67: =+M67/M$2 -> 1.2261017
A68: =+South_CPUE_2026!A74 -> 2024 | B68: =+South_CPUE_2026!B74 -> 6.588863 | C68: =+South_CPUE_2026!D74 -> 0.588 | D68: =+South_CPUE_2026!F74 -> 9.7361 | E68: =+South_CPUE_2026!H74 -> 489.498 | H68: =+South_CPUE_2026!N74 -> 1.1 | I68: =+South_CPUE_2026!P74 -> 0.93 | M68: =+South_CPUE_2026!T74 -> 0.3332063 | O68: =+A68 -> 2024 | P68: =+B68/B$2 -> 1.0163715 | Q68: =+C68/C$2 -> 0.54470476 | R68: =+D68/D$2 -> 1.1292793 | S68: =+E68/E$2 -> 1.140901 | V68: =+H68/H$2 -> 1.0951684 | W68: =+I68/I$2 -> 0.89300412 | AA68: =+M68/M$2 -> 1.356494

Sheet South_Eval2026
A1: SWODP 2026 | C1: 2026 | K1: to joint BRA-URY LL | L1: to joint BRA-URY LL | M1: to joint BRA-URY LL
A2: need to update, contents are from 2022 | D2: 1994-2024
B3: Table for evaluating CPUE series for [stock] | C3: note: | E3: with/without Vessel | K3: Question to the Group: Do we need to keep these?
C4: unit | D4: number | E4: number | F4: weight/number | G4: number | H4: weight | I4: number | K4: weight | L4: weight | M4: weight
C5: Stock | D5: South | E5: South | F5: South | G5: South | H5: South | I5: South | K5: South | L5: South | M5: South
C6: Will be used in current stock assessment? State model/s. | D6: Yes | E6: Yes | F6: Yes | G6: Yes | H6: Yes | I6: Yes
C7: SCRS Doc No: | D7: SCRS/2026/043 | E7: SCRS/2026/052 | F7: SCRS/2026/018 | G7: SCRS/2026/034 | H7: SCRS/2026/050 | I7: SCRS/2026/056 | K7: SCRS/2017/078 | L7: SCRS/2013/101 | M7: SCRS/2022/057
C8: Index Name: | D8: joint LL | E8: BRA-URY LL | F8: SPN LL | G8: JPN LL | H8: ZAF LL | I8: CTP LL | K8: URY LL | L8: URY LL hist | M8: BRA LL
A9: Answer options | B9: 0 | C9: Data Source (state if based on logbooks, observer data etc.): | D9: Logbooks Observer | E9: Logbooks | F9: Voluntary scientific reporting fleet, observer data | G9: Logbooks | H9: Logbooks | I9: Logbooks | K9: Observer Program | L9: Logbooks | M9: Logbooks
A10: Retained only; Both | C10: Does the index include discarded and retained fish? | D10: Retained only | E10: Retained Only | F10: Retained only | G10: Retained Only | H10: Retained Only | I10: Retained only | K10: Both | L10: Retained Only | M10: Retained Only
A11: Yes/No/NA | B11: 1 | C11: Do the authors indicate the percentage of total effort of the fleet the CPUE data represents? | D11: Yes | E11: Yes | F11: Yes | G11: Yes | H11: Yes | I11: Yes | K11: No | L11: Yes | M11: Yes
A12: 0-10/11-20/21-30/31-40/41-50/51-60/61-70/71-80/81-90/91-100 | B12: 2 | C12: If the answer to 1 is yes, what is the percentage? | D12: 91-100% | E12: 71-80% | F12: 91-100% | G12: 91-100% | H12: 91-100% | I12: 91-100% | L12: 91-100% | M12: 71-80%
A13: Sufficient/Incomplete/None | B13: 3 | C13: Are sufficient diagnostics provided to assess model performance? | D13: Sufficient | E13: Sufficient | F13: Sufficient | G13: Sufficient | H13: Sufficient | I13: Sufficient | K13: Sufficient | L13: Sufficient | M13: Sufficient
A14: Well/Mixed/Poorly | B14: 4 | C14: How does the model perform relative to the diagnostics | D14: Well | E14: Well | F14: Well | G14: Well | H14: Well | I14: Well | K14: Well | L14: Well | M14: Well
A15: Yes/No/NA | B15: 5 | C15: Documented data exclusions and classifications? | D15: NA | E15: Yes | F15: NA | G15: Yes | H15: Yes | I15: NA | K15: Yes | L15: Yes | M15: Yes
A16: Yes/No/NA | B16: 6 | C16: Data exclusions appropriate? | D16: NA | E16: Yes | F16: NA | G16: Yes | H16: Yes | I16: NA | K16: Yes | L16: Yes | M16: Yes
A17: Yes/No/NA | B17: 7 | C17: Data classifications appropriate? | D17: NA | E17: Yes | F17: Yes | G17: Yes | H17: Yes | I17: NA | K17: Yes | L17: Yes | M17: Yes
A18: Atlantic/Atl N/Atl S/Atl NW/Atl NE/Atl SW/Atl SE/Tropical/Med/Localised(<10x10) | B18: 8 | C18: Geographical Area | D18: Atl S | E18: Atl SW | F18: Atl S | G18: Atl S | H18: Atl SE | I18: Atl S | K18: Atl SW | L18: Atl SW | M18: Atl SW
A19: Set/Trip/OTH | B19: 9 | C19: Data resolution level | D19: Set | E19: Set | F19: trip | G19: Set | H19: Set | I19: Set | K19: Set | L19: Set | M19: Set
A20: 1-5/6-10/11 or more | B20: 10 | C20: Ranking of Catch of fleet in TINC database (use data catalogue) | D20: 1-5 | E20: 1-5 | F20: 1-5 | G20: 1-5 | H20: 6-10 | I20: 1-5 | K20: 1-5 | L20: 1-5 | M20: 1-5
A21: 0-5 year/6-10 years/11-20 years/Longer than 20 years | B21: 11 | C21: Length of Time Series | D21: longer than 20 years | E21: longer than 20 years | F21: longer than 20 years | G21: longer than 20 years | H21: 11-20 years | I21: longer than 20 years | K21: 11-20 years | L21: longer than 20 years | M21: longer than 20 years
A22: None/Few/Many | B22: 12 | C22: Are other indices available for the same time period? | D22: Many | E22: Many | F22: Many | G22: Few | H22: Many | I22: Many | K22: Many | L22: Many | M22: Many
A23: None/Few/Many | B23: 13 | C23: Are other indices available for the same geographic range? | D23: Few | E23: Few | F23: Few | G23: Few | H23: None | I23: Few | K23: Few | L23: Few | M23: Few
A24: Yes/No | B24: 14 | C24: Does the index standardization account for Known factors that influence catchability/selectivity? (e.g. Type of hook, bait type, depth etc.) | D24: Yes | E24: Yes | F24: Yes | G24: Yes | H24: Yes | I24: Yes | K24: Yes | L24: Yes | M24: Yes
... A28: Yes/No | B28: 18 | C28: Is this standardised CPUE time series continuous? | D28: No | E28: Yes | F28: Yes | G28: No | H28: Yes | I28: No | K28: Yes | L28: Yes | M28: Yes
A29: Acoustic/Aerial/Larval/Other (explain below) | B29: 19 | C29: For fisheries independent surveys: what is the survey type?
A30: Yes/No | B30: 20 | C30: For 19: Is the survey design clearly described?
B31: 21 | C31: Other comments | E31: The authors recomend the use of the index that considers vessel as covariate in the model | G31: CV: Moderately low and relatively stable, with only a few years showing notably high values | I31: (2) for recent years, (5-7) use all available data; only late period was used previously (1998-2020) | K31: Gear configuration and environmental factors were used. | L31: Gear configuration and environmental factors were used. | M31: Not to split the time series (1994-2020)

Sheet MED_CPUE_2026
A1: Table X. Available abundance indices for the Mediterranean in 2026.
A2: updated | R2: https://iccat.int/Documents/CVSP/CV066_2011/n_4/CV066041495.pdf
B3: =+COUNT(B14:B51) -> 38 | D3: =+COUNT(D14:D51) -> 19 | F3: =+COUNT(F14:F51) -> 14 | H3: =+COUNT(H14:H51) -> 14 | J3: =+COUNT(J14:J51) -> 13 | L3: =+COUNT(L14:L51) -> 37 | N3: =+COUNT(N14:N51) -> 37 | P3: =+COUNT(P14:P51) -> 13 | R3: =+COUNT(R14:R51) -> 17
A4: series | B4: GRC_LL | D4: w_LIG_LL_early | F4: w_LIG_LL* | H4: n_LIG_LL* | J4: LIG_LLAM_Nominal | L4: n_SPN LL | N4: w_SPN LL | P4: MOR_LL | R4: SIC_GN
A5: Use in 2026 SA | B5: Yes | D5: Sensitivity only | F5: Yes (the author suggested the index in weight that has better model diagnostics) | J5: No | L5: Yes (the authors suggest the index in weight) | P5: Yes | R5: Sensitivity only
A6: Use in 2020 SA | B6: Yes | D6: Sensitivity only | F6: Yes | H6: No | J6: No | L6: Yes | N6: No | P6: Yes | R6: No
A7: age range
A8: units of index | B8: Weight (kg) | D8: Weight (kg) | F8: Weight (kg) | H8: Number | J8: Weight (kg) | L8: Number | N8: Weight (kg) | P8: Weight (kg) | R8: Weight (kg)
A9: area | B9: Eastern Med | D9: Western Med | F9: Western Med | H9: Western Med | J9: Western Med | L9: Western Med | N9: Western Med | P9: Western Med | R9: Western Med
A10: method | B10: GAMM | D10: GLM | F10: GLM | H10: GLM | J10: Nominal CPUE | L10: GLMM | N10: GLMM | P10: GLMM | R10: GLM
A11: time of the year | B11: all months | F11: April–December | H11: April–December | J11: April–May and October–December
A12: source | B12: SCRS/2026/039 | D12: SCRS/2014/112 | F12: SCRS/2026/042 | H12: SCRS/2026/042 | J12: SCRS/2026/042 | L12: SCRS/2026/029 | N12: SCRS/2026/029 | P12: SCRS/2026/048 | R12: SCRS/2010/085
A13: Year | B13: Std. | C13: CV | D13: Std. | E13: CV | F13: Std. | G13: CV | H13: Std. | I13: CV | J13: value | K13: CV | L13: Std. | M13: CV** | N13: Std. | O13: CV** | P13: Std. | Q13: CV | R13: Std. | S13: CV
A14: 1987 | B14: 181.7 | C14: 0.092845349
A15: 1988 | B15: 213.31 | C15: 0.097838826 | L15: 11.7582 | M15: 0.13222262 | N15: 128.575 | O15: 0.18425822
A16: 1989 | B16: 247.25 | C16: 0.13435794 | L16: 4.1086 | M16: 0.23314511 | N16: 115.4062 | O16: 0.29314716
A17: 1990 | B17: 186.44 | C17: 0.077236644 | L17: 4.6593 | M17: 0.209774 | N17: 122.1755 | O17: 0.26478222 | R17: 8.31
A18: 1991 | B18: 228.97 | C18: 0.063545443 | D18: 88.467336 | L18: 7.3097 | M18: 0.13271406 | N18: 86.7179 | O18: 0.18281808 | R18: 9.8
A19: 1992 | B19: 100.21 | C19: 0.061470911 | D19: 66.100051 | L19: 8.2662 | M19: 0.1322494 | N19: 74.2483 | O19: 0.18282978 | R19: 16.87
A20: 1993 | B20: 151.64 | C20: 0.064099182 | D20: 68.763321 | L20: 8.2301 | M20: 0.13149293 | N20: 98.0339 | O20: 0.1817708 | R20: 13.04
A21: 1994 | B21: 175.7 | C21: 0.061752988 | D21: 90.595943 | L21: 10.362 | M21: 0.13071801 | N21: 119.9387 | O21: 0.18113336 | R21: 9.49
A22: 1995 | B22: 119.98 | C22: 0.074095683 | D22: 94.617415 | L22: 8.754 | M22: 0.13014622 | N22: 94.2404 | O22: 0.18057754 | R22: 14.65
A23: 1996 | B23: 181.7 | C23: 0.092845349 | D23: 94.344342 | L23: 5.9796 | M23: 0.13099538 | N23: 80.784 | O23: 0.18135274 | R23: 9.33
A24: 1997 | B24: 256.78 | C24: 0.096424955 | D24: 101.06904 | L24: 5.742 | M24: 0.13279345 | N24: 82.5939 | O24: 0.18290213 | R24: 14.04
A25: 1998 | B25: 239.03 | C25: 0.06639334 | D25: 144.93701 | L25: 7.0884 | M25: 0.13184922 | N25: 92.9999 | O25: 0.18231955 | R25: 10.12
A26: 1999 | B26: 208.38 | C26: 0.053412036 | D26: 101.89597 | L26: 5.6138 | M26: 0.13256618 | N26: 85.8754 | O26: 0.1829057 | R26: 12.71
A27: 2000 | B27: 171.51 | C27: 0.049268264 | D27: 134.68065 | L27: 4.6591 | M27: 0.23180443 | N27: 121.4987 | O27: 0.29951596 | R27: 14.92
A28: 2001 | B28: 174.74 | C28: 0.057571249 | D28: 181.62454 | L28: 6.0998 | M28: 0.14033247 | N28: 83.6254 | O28: 0.19159849 | R28: 13.06
A29: 2002 | B29: 143.12 | C29: 0.069661822 | D29: 140.32481 | L29: 11.2956 | M29: 0.13580509 | N29: 125.3074 | O29: 0.18656919
A30: 2003 | B30: 170.91 | C30: 0.056989059 | D30: 152.27809 | L30: 7.076 | M30: 0.13849633 | N30: 80.7836 | O30: 0.19033938
A31: 2004 | B31: 172.18 | C31: 0.051399698 | D31: 98.857786 | L31: 5.0777 | M31: 0.13840912 | N31: 60.1142 | O31: 0.1890352 | R31: 15.15
A32: 2005 | B32: 170.75 | C32: 0.048023426 | D32: 80.801294 | L32: 6.2752 | M32: 0.14315082 | N32: 81.7071 | O32: 0.19505037 | R32: 12.07
A33: 2006 | B33: 180.52 | C33: 0.052459561 | D33: 125.04794 | L33: 7.0103 | M33: 0.15086373 | N33: 108.5994 | O33: 0.20428105 | R33: 30.74
A34: 2007 | B34: 183.8 | C34: 0.052067465 | D34: 239.99924 | L34: 9.3298 | M34: 0.13992797 | N34: 118.5871 | O34: 0.19177212
A35: 2008 | B35: 171.93 | C35: 0.067643809 | D35: 208.17563 | L35: 8.6974 | M35: 0.13690298 | N35: 153.3728 | O35: 0.18763823 | R35: 3.29
A36: 2009 | B36: 159.22 | C36: 0.061047607 | D36: 123.38733 | L36: 4.9981 | M36: 0.1339509 | N36: 99.0274 | O36: 0.18438937 | R36: 1.97
A37: 2010 | B37: 178.51 | C37: 0.061789256 | F37: 336.73 | G37: 0.06 | H37: 8.95 | I37: 0.06 | L37: 5.5176 | M37: 0.13379005 | N37: 106.1998 | O37: 0.18374705
A38: 2011 | B38: 149.11 | C38: 0.071088458 | F38: 246.91 | G38: 0.05 | H38: 7.69 | I38: 0.04 | L38: 6.2457 | M38: 0.13295547 | N38: 101.9984 | O38: 0.18334601
A39: 2012 | B39: 137.98 | C39: 0.079794173 | F39: 156.27 | G39: 0.05 | H39: 6.08 | I39: 0.04 | J39: 72.1 | L39: 8.5124 | M39: 0.13398102 | N39: 135.0474 | O39: 0.1847655 | P39: 111.1996 | Q39: 0.0375
A40: 2013 | B40: 217.8 | C40: 0.073875115 | F40: 171.67 | G40: 0.05 | H40: 5.9 | I40: 0.05 | J40: 140.2 | L40: 6.6513 | M40: 0.13000466 | N40: 89.2538 | O40: 0.18037887 | P40: 155.757 | Q40: 0.0298
A41: 2014 | B41: 171.6 | C41: 0.059324009 | F41: 245.33 | G41: 0.05 | H41: 9.6 | I41: 0.05 | J41: 140.9 | L41: 6.8519 | M41: 0.12999314 | N41: 96.4352 | O41: 0.180431 | P41: 77.2664 | Q41: 0.039
A42: 2015 | B42: 148.27 | C42: 0.079247319 | F42: 158.99 | G42: 0.06 | H42: 5.36 | I42: 0.05 | J42: 180.3 | L42: 6.8243 | M42: 0.12937591 | N42: 86.1278 | O42: 0.17991055 | P42: 88.1798 | Q42: 0.0477
A43: 2016 | B43: 165.22 | C43: 0.060767462 | F43: 197.82 | G43: 0.06 | H43: 7.7 | I43: 0.05 | J43: 132.6 | L43: 6.8735 | M43: 0.12964283 | N43: 70.5992 | O43: 0.18008561 | P43: 87.3184 | Q43: 0.054
A44: 2017 | B44: 108.6 | C44: 0.12854512 | F44: 179.97 | G44: 0.05 | H44: 6.46 | I44: 0.05 | J44: 117.7 | L44: 6.4326 | M44: 0.15673289 | N44: 124.6284 | O44: 0.21714393 | P44: 57.4235 | Q44: 0.0312
A45: 2018 | B45: 123.62 | C45: 0.08170199 | F45: 121.06 | G45: 0.07 | H45: 4.12 | I45: 0.06 | J45: 74.2 | L45: 5.1405 | M45: 0.14391596 | N45: 106.9404 | O45: 0.20183205 | P45: 63.6291 | Q45: 0.0316
A46: 2019 | B46: 128.25 | C46: 0.079220273 | F46: 176.47 | G46: 0.04 | H46: 5.74 | I46: 0.04 | J46: 117.3 | L46: 4.7872 | M46: 0.13749164 | N46: 79.2055 | O46: 0.19397012 | P46: 47.1454 | Q46: 0.0347
A47: 2020 | B47: 138.79 | C47: 0.07421284 | F47: 209.34 | G47: 0.05 | H47: 7.13 | I47: 0.04 | J47: 76.9 | L47: 5.1363 | M47: 0.14006191 | N47: 77.893 | O47: 0.19829125 | P47: 53.6624 | Q47: 0.0339
A48: 2021 | B48: 143.04 | C48: 0.072916667 | F48: 125.77 | G48: 0.05 | H48: 4.19 | I48: 0.05 | J48: 67.6 | L48: 6.6537 | M48: 0.19462855 | N48: 93.605 | O48: 0.25614764 | P48: 55.357 | Q48: 0.0346
A49: 2022 | B49: 91.21 | C49: 0.083872382 | F49: 167.22 | G49: 0.05 | H49: 5.16 | I49: 0.05 | J49: 106.3 | L49: 6.1155 | M49: 0.19476739 | N49: 91.8761 | O49: 0.25637679 | P49: 57.3748 | Q49: 0.0297
A50: 2023 | B50: 110.74 | C50: 0.082806574 | F50: 182.35 | G50: 0.05 | H50: 5.79 | I50: 0.05 | J50: 118.4 | L50: 6.0801 | M50: 0.19785859 | N50: 99.3975 | O50: 0.25974195 | P50: 55.386 | Q50: 0.0323
A51: 2024 | B51: 118.74 | C51: 0.085733535 | J51: 88 | L51: 6.7824 | M51: 0.20169851 | N51: 72.807 | O51: 0.263509 | P51: 56.5013 | Q51: 0.0297
A52: *terminated Sept 2023 due to traplines

Sheet Med_Figure
O1: East/W | P1: West/W | Q1: West/W | R1: West/n | T1: West/n | U1: West/W | V1: West/W | W1: West/W
A2: mean_per | B2: =+AVERAGE(B6:B43) -> 166.34868 | C2: =+AVERAGE(C6:C43) -> 122.94567 | D2: =+AVERAGE(D6:D43) -> 191.13571 | E2: =+AVERAGE(E6:E43) -> 6.4192857 | F2: =+AVERAGE(F6:F43) -> 110.19231 | G2: =+AVERAGE(G6:G43) -> 6.837727 | H2: =+AVERAGE(H6:H43) -> 98.546668 | I2: =+AVERAGE(I6:I43) -> 74.323131 | J2: =+AVERAGE(J6:J43) -> 12.327059 | O2: scaled to mean | S2: Nominal
B3: =+COUNT(B6:B68) -> 38 | C3: =+COUNT(C6:C68) -> 19 | D3: =+COUNT(D6:D68) -> 14 | E3: =+COUNT(E6:E68) -> 14 | F3: =+COUNT(F6:F68) -> 13 | G3: =+COUNT(G6:G68) -> 37 | H3: =+COUNT(H6:H68) -> 37 | I3: =+COUNT(I6:I68) -> 13 | J3: =+COUNT(J6:J68) -> 17 | P3: =+COUNT(P6:P43)-C3 -> 0 | Q3: =+COUNT(Q6:Q43)-D3 -> 0 | R3: =+COUNT(R6:R43)-E3 -> 0 | S3: =+COUNT(S6:S43)-F3 -> 0 | T3: =+COUNT(T6:T43)-G3 -> 0 | U3: =+COUNT(U6:U43)-H3 -> 0 | V3: =+COUNT(V6:V43)-I3 -> 0 | W3: =+COUNT(W6:W43)-J3 -> 0
B4: =+MED_CPUE_2026!B3 -> 38 | C4: =+MED_CPUE_2026!D3 -> 19 | D4: =+MED_CPUE_2026!F3 -> 14 | E4: =+MED_CPUE_2026!H3 -> 14 | F4: =+MED_CPUE_2026!J3 -> 13 | G4: =+MED_CPUE_2026!L3 -> 37 | H4: =+MED_CPUE_2026!N3 -> 37 | I4: =+MED_CPUE_2026!P3 -> 13 | J4: =+MED_CPUE_2026!R3 -> 17
A5: Year | B5: =+MED_CPUE_2026!B4 -> GRC_LL | C5: =+MED_CPUE_2026!D4 -> w_LIG_LL_early | D5: =+MED_CPUE_2026!F4 -> w_LIG_LL* | E5: =+MED_CPUE_2026!H4 -> n_LIG_LL* | F5: =+MED_CPUE_2026!J4 -> LIG_LLAM_Nominal | G5: =+MED_CPUE_2026!L4 -> n_SPN LL | H5: =+MED_CPUE_2026!N4 -> w_SPN LL | I5: =+MED_CPUE_2026!P4 -> MOR_LL | J5: =+MED_CPUE_2026!R4 -> SIC_GN | O5: =+B5 -> GRC_LL | P5: =+C5 -> w_LIG_LL_early | Q5: =+D5 -> w_LIG_LL* | R5: =+E5 -> n_LIG_LL* | S5: =+F5 -> LIG_LLAM_Nominal | T5: =+G5 -> n_SPN LL | U5: =+H5 -> w_SPN LL | V5: =+I5 -> MOR_LL | W5: =+J5 -> SIC_GN
A6: =+MED_CPUE_2026!A14 -> 1987 | B6: =+MED_CPUE_2026!B14 -> 181.7 | N6: =+A6 -> 1987 | O6: =+B6/B$2 -> 1.092284
A7: =+MED_CPUE_2026!A15 -> 1988 | B7: =+MED_CPUE_2026!B15 -> 213.31 | G7: =+MED_CPUE_2026!L15 -> 11.7582 | H7: =+MED_CPUE_2026!N15 -> 128.575 | N7: =+A7 -> 1988 | O7: =+B7/B$2 -> 1.2823065 | T7: =+G7/G$2 -> 1.7196065 | U7: =+H7/H$2 -> 1.3047118
A8: =+MED_CPUE_2026!A16 -> 1989 | B8: =+MED_CPUE_2026!B16 -> 247.25 | G8: =+MED_CPUE_2026!L16 -> 4.1086 | H8: =+MED_CPUE_2026!N16 -> 115.4062 | N8: =+A8 -> 1989 | O8: =+B8/B$2 -> 1.4863358 | T8: =+G8/G$2 -> 0.60087219 | U8: =+H8/H$2 -> 1.1710817
A9: =+MED_CPUE_2026!A17 -> 1990 | B9: =+MED_CPUE_2026!B17 -> 186.44 | G9: =+MED_CPUE_2026!L17 -> 4.6593 | H9: =+MED_CPUE_2026!N17 -> 122.1755 | J9: =+MED_CPUE_2026!R17 -> 8.31 | N9: =+A9 -> 1990 | O9: =+B9/B$2 -> 1.1207783 | T9: =+G9/G$2 -> 0.68141065 | U9: =+H9/H$2 -> 1.239773 | W9: =+J9/J$2 -> 0.67412674
A10: =+MED_CPUE_2026!A18 -> 1991 | B10: =+MED_CPUE_2026!B18 -> 228.97 | C10: =+MED_CPUE_2026!D18 -> 88.467336 | G10: =+MED_CPUE_2026!L18 -> 7.3097 | H10: =+MED_CPUE_2026!N18 -> 86.7179 | J10: =+MED_CPUE_2026!R18 -> 9.8 | N10: =+A10 -> 1991 | O10: =+B10/B$2 -> 1.3764461 | P10: =+C10/C$2 -> 0.71956447 | T10: =+G10/G$2 -> 1.0690248 | U10: =+H10/H$2 -> 0.87996786 | W10: =+J10/J$2 -> 0.79499905
A11: =+MED_CPUE_2026!A19 -> 1992 | B11: =+MED_CPUE_2026!B19 -> 100.21 | C11: =+MED_CPUE_2026!D19 -> 66.100051 | G11: =+MED_CPUE_2026!L19 -> 8.2662 | H11: =+MED_CPUE_2026!N19 -> 74.2483 | J11: =+MED_CPUE_2026!R19 -> 16.87 | N11: =+A11 -> 1992 | O11: =+B11/B$2 -> 0.60240933 | P11: =+C11/C$2 -> 0.53763626 | T11: =+G11/G$2 -> 1.2089105 | U11: =+H11/H$2 -> 0.75343288 | W11: =+J11/J$2 -> 1.3685341
A12: =+MED_CPUE_2026!A20 -> 1993 | B12: =+MED_CPUE_2026!B20 -> 151.64 | C12: =+MED_CPUE_2026!D20 -> 68.763321 | G12: =+MED_CPUE_2026!L20 -> 8.2301 | H12: =+MED_CPUE_2026!N20 -> 98.0339 | J12: =+MED_CPUE_2026!R20 -> 13.04 | N12: =+A12 -> 1993 | O12: =+B12/B$2 -> 0.9115792 | P12: =+C12/C$2 -> 0.55929843 | T12: =+G12/G$2 -> 1.203631 | U12: =+H12/H$2 -> 0.9947967 | W12: =+J12/J$2 -> 1.0578355
A13: =+MED_CPUE_2026!A21 -> 1994 | B13: =+MED_CPUE_2026!B21 -> 175.7 | C13: =+MED_CPUE_2026!D21 -> 90.595943 | G13: =+MED_CPUE_2026!L21 -> 10.362 | H13: =+MED_CPUE_2026!N21 -> 119.9387 | J13: =+MED_CPUE_2026!R21 -> 9.49 | N13: =+A13 -> 1994 | O13: =+B13/B$2 -> 1.0562151 | P13: =+C13/C$2 -> 0.73687787 | T13: =+G13/G$2 -> 1.5154159 | U13: =+H13/H$2 -> 1.2170751 | W13: =+J13/J$2 -> 0.76985112
A14: =+MED_CPUE_2026!A22 -> 1995 | B14: =+MED_CPUE_2026!B22 -> 119.98 | C14: =+MED_CPUE_2026!D22 -> 94.617415 | G14: =+MED_CPUE_2026!L22 -> 8.754 | H14: =+MED_CPUE_2026!N22 -> 94.2404 | J14: =+MED_CPUE_2026!R22 -> 14.65 | N14: =+A14 -> 1995 | O14: =+B14/B$2 -> 0.72125608 | P14: =+C14/C$2 -> 0.7695872 | T14: =+G14/G$2 -> 1.28025 | U14: =+H14/H$2 -> 0.95630225 | W14: =+J14/J$2 -> 1.1884425
A15: =+MED_CPUE_2026!A23 -> 1996 | B15: =+MED_CPUE_2026!B23 -> 181.7 | C15: =+MED_CPUE_2026!D23 -> 94.344342 | G15: =+MED_CPUE_2026!L23 -> 5.9796 | H15: =+MED_CPUE_2026!N23 -> 80.784 | J15: =+MED_CPUE_2026!R23 -> 9.33 | N15: =+A15 -> 1996 | O15: =+B15/B$2 -> 1.092284 | P15: =+C15/C$2 -> 0.76736611 | T15: =+G15/G$2 -> 0.87450113 | U15: =+H15/H$2 -> 0.81975375 | W15: =+J15/J$2 -> 0.75687154
A16: =+MED_CPUE_2026!A24 -> 1997 | B16: =+MED_CPUE_2026!B24 -> 256.78 | C16: =+MED_CPUE_2026!D24 -> 101.06904 | G16: =+MED_CPUE_2026!L24 -> 5.742 | H16: =+MED_CPUE_2026!N24 -> 82.5939 | J16: =+MED_CPUE_2026!R24 -> 14.04 | N16: =+A16 -> 1997 | O16: =+B16/B$2 -> 1.5436251 | P16: =+C16/C$2 -> 0.82206263 | T16: =+G16/G$2 -> 0.83975274 | U16: =+H16/H$2 -> 0.83811966 | W16: =+J16/J$2 -> 1.1389578
A17: =+MED_CPUE_2026!A25 -> 1998 | B17: =+MED_CPUE_2026!B25 -> 239.03 | C17: =+MED_CPUE_2026!D25 -> 144.93701 | G17: =+MED_CPUE_2026!L25 -> 7.0884 | H17: =+MED_CPUE_2026!N25 -> 92.9999 | J17: =+MED_CPUE_2026!R25 -> 10.12 | N17: =+A17 -> 1998 | O17: =+B17/B$2 -> 1.4369215 | P17: =+C17/C$2 -> 1.1788704 | T17: =+G17/G$2 -> 1.0366603 | U17: =+H17/H$2 -> 0.94371431 | W17: =+J17/J$2 -> 0.8209582
A18: =+MED_CPUE_2026!A26 -> 1999 | B18: =+MED_CPUE_2026!B26 -> 208.38 | C18: =+MED_CPUE_2026!D26 -> 101.89597 | G18: =+MED_CPUE_2026!L26 -> 5.6138 | H18: =+MED_CPUE_2026!N26 -> 85.8754 | J18: =+MED_CPUE_2026!R26 -> 12.71 | N18: =+A18 -> 1999 | O18: =+B18/B$2 -> 1.25267 | P18: =+C18/C$2 -> 0.82878861 | T18: =+G18/G$2 -> 0.82100382 | U18: =+H18/H$2 -> 0.87141861 | W18: =+J18/J$2 -> 1.0310651
A19: =+MED_CPUE_2026!A27 -> 2000 | B19: =+MED_CPUE_2026!B27 -> 171.51 | C19: =+MED_CPUE_2026!D27 -> 134.68065 | G19: =+MED_CPUE_2026!L27 -> 4.6591 | H19: =+MED_CPUE_2026!N27 -> 121.4987 | J19: =+MED_CPUE_2026!R27 -> 14.92 | N19: =+A19 -> 2000 | O19: =+B19/B$2 -> 1.0310271 | P19: =+C19/C$2 -> 1.0954485 | T19: =+G19/G$2 -> 0.6813814 | U19: =+H19/H$2 -> 1.2329052 | W19: =+J19/J$2 -> 1.2103455
A20: =+MED_CPUE_2026!A28 -> 2001 | B20: =+MED_CPUE_2026!B28 -> 174.74 | C20: =+MED_CPUE_2026!D28 -> 181.62454 | G20: =+MED_CPUE_2026!L28 -> 6.0998 | H20: =+MED_CPUE_2026!N28 -> 83.6254 | J20: =+MED_CPUE_2026!R28 -> 13.06 | N20: =+A20 -> 2001 | O20: =+B20/B$2 -> 1.0504441 | P20: =+C20/C$2 -> 1.4772748 | T20: =+G20/G$2 -> 0.89208007 | U20: =+H20/H$2 -> 0.84858679 | W20: =+J20/J$2 -> 1.0594579
A21: =+MED_CPUE_2026!A29 -> 2002 | B21: =+MED_CPUE_2026!B29 -> 143.12 | C21: =+MED_CPUE_2026!D29 -> 140.32481 | G21: =+MED_CPUE_2026!L29 -> 11.2956 | H21: =+MED_CPUE_2026!N29 -> 125.3074 | N21: =+A21 -> 2002 | O21: =+B21/B$2 -> 0.86036148 | P21: =+C21/C$2 -> 1.1413563 | T21: =+G21/G$2 -> 1.6519525 | U21: =+H21/H$2 -> 1.2715539
A22: =+MED_CPUE_2026!A30 -> 2003 | B22: =+MED_CPUE_2026!B30 -> 170.91 | C22: =+MED_CPUE_2026!D30 -> 152.27809 | G22: =+MED_CPUE_2026!L30 -> 7.076 | H22: =+MED_CPUE_2026!N30 -> 80.7836 | N22: =+A22 -> 2003 | O22: =+B22/B$2 -> 1.0274202 | P22: =+C22/C$2 -> 1.2385803 | T22: =+G22/G$2 -> 1.0348468 | U22: =+H22/H$2 -> 0.81974969
A23: =+MED_CPUE_2026!A31 -> 2004 | B23: =+MED_CPUE_2026!B31 -> 172.18 | C23: =+MED_CPUE_2026!D31 -> 98.857786 | G23: =+MED_CPUE_2026!L31 -> 5.0777 | H23: =+MED_CPUE_2026!N31 -> 60.1142 | J23: =+MED_CPUE_2026!R31 -> 15.15 | N23: =+A23 -> 2004 | O23: =+B23/B$2 -> 1.0350548 | P23: =+C23/C$2 -> 0.804077 | T23: =+G23/G$2 -> 0.74260057 | U23: =+H23/H$2 -> 0.61000744 | W23: =+J23/J$2 -> 1.2290036
A24: =+MED_CPUE_2026!A32 -> 2005 | B24: =+MED_CPUE_2026!B32 -> 170.75 | C24: =+MED_CPUE_2026!D32 -> 80.801294 | G24: =+MED_CPUE_2026!L32 -> 6.2752 | H24: =+MED_CPUE_2026!N32 -> 81.7071 | J24: =+MED_CPUE_2026!R32 -> 12.07 | N24: =+A24 -> 2005 | O24: =+B24/B$2 -> 1.0264584 | P24: =+C24/C$2 -> 0.65721138 | T24: =+G24/G$2 -> 0.91773187 | U24: =+H24/H$2 -> 0.82912088 | W24: =+J24/J$2 -> 0.97914678
A25: =+MED_CPUE_2026!A33 -> 2006 | B25: =+MED_CPUE_2026!B33 -> 180.52 | C25: =+MED_CPUE_2026!D33 -> 125.04794 | G25: =+MED_CPUE_2026!L33 -> 7.0103 | H25: =+MED_CPUE_2026!N33 -> 108.5994 | J25: =+MED_CPUE_2026!R33 -> 30.74 | N25: =+A25 -> 2006 | O25: =+B25/B$2 -> 1.0851904 | P25: =+C25/C$2 -> 1.0170992 | T25: =+G25/G$2 -> 1.0252384 | U25: =+H25/H$2 -> 1.1020099 | W25: =+J25/J$2 -> 2.4937011
A26: =+MED_CPUE_2026!A34 -> 2007 | B26: =+MED_CPUE_2026!B34 -> 183.8 | C26: =+MED_CPUE_2026!D34 -> 239.99924 | G26: =+MED_CPUE_2026!L34 -> 9.3298 | H26: =+MED_CPUE_2026!N34 -> 118.5871 | N26: =+A26 -> 2007 | O26: =+B26/B$2 -> 1.104908 | P26: =+C26/C$2 -> 1.9520756 | T26: =+G26/G$2 -> 1.3644593 | U26: =+H26/H$2 -> 1.2033598
A27: =+MED_CPUE_2026!A35 -> 2008 | B27: =+MED_CPUE_2026!B35 -> 171.93 | C27: =+MED_CPUE_2026!D35 -> 208.17563 | G27: =+MED_CPUE_2026!L35 -> 8.6974 | H27: =+MED_CPUE_2026!N35 -> 153.3728 | J27: =+MED_CPUE_2026!R35 -> 3.29 | N27: =+A27 -> 2008 | O27: =+B27/B$2 -> 1.0335519 | P27: =+C27/C$2 -> 1.6932327 | T27: =+G27/G$2 -> 1.2719724 | U27: =+H27/H$2 -> 1.5563469 | W27: =+J27/J$2 -> 0.26689254
A28: =+MED_CPUE_2026!A36 -> 2009 | B28: =+MED_CPUE_2026!B36 -> 159.22 | C28: =+MED_CPUE_2026!D36 -> 123.38733 | G28: =+MED_CPUE_2026!L36 -> 4.9981 | H28: =+MED_CPUE_2026!N36 -> 99.0274 | J28: =+MED_CPUE_2026!R36 -> 1.97 | N28: =+A28 -> 2009 | O28: =+B28/B$2 -> 0.95714613 | P28: =+C28/C$2 -> 1.0035923 | T28: =+G28/G$2 -> 0.73095928 | U28: =+H28/H$2 -> 1.0048782 | W28: =+J28/J$2 -> 0.15981103
A29: =+MED_CPUE_2026!A37 -> 2010 | B29: =+MED_CPUE_2026!B37 -> 178.51 | D29: =+MED_CPUE_2026!F37 -> 336.73 | E29: =+MED_CPUE_2026!H37 -> 8.95 | G29: =+MED_CPUE_2026!L37 -> 5.5176 | H29: =+MED_CPUE_2026!N37 -> 106.1998 | N29: =+A29 -> 2010 | O29: =+B29/B$2 -> 1.0731074 | Q29: =+D29/D$2 -> 1.7617325 | R29: =+E29/E$2 -> 1.3942361 | T29: =+G29/G$2 -> 0.80693482 | U29: =+H29/H$2 -> 1.07766
A30: =+MED_CPUE_2026!A38 -> 2011 | B30: =+MED_CPUE_2026!B38 -> 149.11 | D30: =+MED_CPUE_2026!F38 -> 246.91 | E30: =+MED_CPUE_2026!H38 -> 7.69 | G30: =+MED_CPUE_2026!L38 -> 6.2457 | H30: =+MED_CPUE_2026!N38 -> 101.9984 | N30: =+A30 -> 2011 | O30: =+B30/B$2 -> 0.89637018 | Q30: =+D30/D$2 -> 1.2918046 | R30: =+E30/E$2 -> 1.1979526 | T30: =+G30/G$2 -> 0.91341757 | U30: =+H30/H$2 -> 1.0350264
A31: =+MED_CPUE_2026!A39 -> 2012 | B31: =+MED_CPUE_2026!B39 -> 137.98 | D31: =+MED_CPUE_2026!F39 -> 156.27 | E31: =+MED_CPUE_2026!H39 -> 6.08 | F31: =+MED_CPUE_2026!J39 -> 72.1 | G31: =+MED_CPUE_2026!L39 -> 8.5124 | H31: =+MED_CPUE_2026!N39 -> 135.0474 | I31: =+MED_CPUE_2026!P39 -> 111.1996 | N31: =+A31 -> 2012 | O31: =+B31/B$2 -> 0.82946253 | Q31: =+D31/D$2 -> 0.81758661 | R31: =+E31/E$2 -> 0.94714588 | S31: =+F31/F$2 -> 0.65431065 | T31: =+G31/G$2 -> 1.2449166 | U31: =+H31/H$2 -> 1.3703903 | V31: =+I31/I$2 -> 1.4961641
A32: =+MED_CPUE_2026!A40 -> 2013 | B32: =+MED_CPUE_2026!B40 -> 217.8 | D32: =+MED_CPUE_2026!F40 -> 171.67 | E32: =+MED_CPUE_2026!H40 -> 5.9 | F32: =+MED_CPUE_2026!J40 -> 140.2 | G32: =+MED_CPUE_2026!L40 -> 6.6513 | H32: =+MED_CPUE_2026!N40 -> 89.2538 | I32: =+MED_CPUE_2026!P40 -> 155.757 | N32: =+A32 -> 2013 | O32: =+B32/B$2 -> 1.309298 | Q32: =+D32/D$2 -> 0.89815763 | R32: =+E32/E$2 -> 0.91910537 | S32: =+F32/F$2 -> 1.2723211 | T32: =+G32/G$2 -> 0.97273553 | U32: =+H32/H$2 -> 0.90570084 | V32: =+I32/I$2 -> 2.0956733
A33: =+MED_CPUE_2026!A41 -> 2014 | B33: =+MED_CPUE_2026!B41 -> 171.6 | D33: =+MED_CPUE_2026!F41 -> 245.33 | E33: =+MED_CPUE_2026!H41 -> 9.6 | F33: =+MED_CPUE_2026!J41 -> 140.9 | G33: =+MED_CPUE_2026!L41 -> 6.8519 | H33: =+MED_CPUE_2026!N41 -> 96.4352 | I33: =+MED_CPUE_2026!P41 -> 77.2664 | N33: =+A33 -> 2014 | O33: =+B33/B$2 -> 1.0315681 | Q33: =+D33/D$2 -> 1.2835382 | R33: =+E33/E$2 -> 1.4954935 | S33: =+F33/F$2 -> 1.2786736 | T33: =+G33/G$2 -> 1.0020728 | U33: =+H33/H$2 -> 0.97857393 | V33: =+I33/I$2 -> 1.039601
A34: =+MED_CPUE_2026!A42 -> 2015 | B34: =+MED_CPUE_2026!B42 -> 148.27 | D34: =+MED_CPUE_2026!F42 -> 158.99 | E34: =+MED_CPUE_2026!H42 -> 5.36 | F34: =+MED_CPUE_2026!J42 -> 180.3 | G34: =+MED_CPUE_2026!L42 -> 6.8243 | H34: =+MED_CPUE_2026!N42 -> 86.1278 | I34: =+MED_CPUE_2026!P42 -> 88.1798 | N34: =+A34 -> 2015 | O34: =+B34/B$2 -> 0.89132055 | Q34: =+D34/D$2 -> 0.83181733 | R34: =+E34/E$2 -> 0.83498387 | S34: =+F34/F$2 -> 1.6362304 | T34: =+G34/G$2 -> 0.99803633 | U34: =+H34/H$2 -> 0.87397983 | V34: =+I34/I$2 -> 1.1864382
A35: =+MED_CPUE_2026!A43 -> 2016 | B35: =+MED_CPUE_2026!B43 -> 165.22 | D35: =+MED_CPUE_2026!F43 -> 197.82 | E35: =+MED_CPUE_2026!H43 -> 7.7 | F35: =+MED_CPUE_2026!J43 -> 132.6 | G35: =+MED_CPUE_2026!L43 -> 6.8735 | H35: =+MED_CPUE_2026!N43 -> 70.5992 | I35: =+MED_CPUE_2026!P43 -> 87.3184 | N35: =+A35 -> 2016 | O35: =+B35/B$2 -> 0.99321495 | Q35: =+D35/D$2 -> 1.0349714 | R35: =+E35/E$2 -> 1.1995104 | S35: =+F35/F$2 -> 1.2033508 | T35: =+G35/G$2 -> 1.0052317 | U35: =+H35/H$2 -> 0.71640373 | V35: =+I35/I$2 -> 1.1748482
A36: =+MED_CPUE_2026!A44 -> 2017 | B36: =+MED_CPUE_2026!B44 -> 108.6 | D36: =+MED_CPUE_2026!F44 -> 179.97 | E36: =+MED_CPUE_2026!H44 -> 6.46 | F36: =+MED_CPUE_2026!J44 -> 117.7 | G36: =+MED_CPUE_2026!L44 -> 6.4326 | H36: =+MED_CPUE_2026!N44 -> 124.6284 | I36: =+MED_CPUE_2026!P44 -> 57.4235 | N36: =+A36 -> 2017 | O36: =+B36/B$2 -> 0.65284556 | Q36: =+D36/D$2 -> 0.94158227 | R36: =+E36/E$2 -> 1.0063425 | S36: =+F36/F$2 -> 1.0681326 | T36: =+G36/G$2 -> 0.94075121 | U36: =+H36/H$2 -> 1.2646638 | V36: =+I36/I$2 -> 0.7726195
A37: =+MED_CPUE_2026!A45 -> 2018 | B37: =+MED_CPUE_2026!B45 -> 123.62 | D37: =+MED_CPUE_2026!F45 -> 121.06 | E37: =+MED_CPUE_2026!H45 -> 4.12 | F37: =+MED_CPUE_2026!J45 -> 74.2 | G37: =+MED_CPUE_2026!L45 -> 5.1405 | H37: =+MED_CPUE_2026!N45 -> 106.9404 | I37: =+MED_CPUE_2026!P45 -> 63.6291 | N37: =+A37 -> 2018 | O37: =+B37/B$2 -> 0.74313783 | Q37: =+D37/D$2 -> 0.63337195 | R37: =+E37/E$2 -> 0.64181596 | S37: =+F37/F$2 -> 0.67336824 | T37: =+G37/G$2 -> 0.75178491 | U37: =+H37/H$2 -> 1.0851752 | V37: =+I37/I$2 -> 0.85611437
A38: =+MED_CPUE_2026!A46 -> 2019 | B38: =+MED_CPUE_2026!B46 -> 128.25 | D38: =+MED_CPUE_2026!F46 -> 176.47 | E38: =+MED_CPUE_2026!H46 -> 5.74 | F38: =+MED_CPUE_2026!J46 -> 117.3 | G38: =+MED_CPUE_2026!L46 -> 4.7872 | H38: =+MED_CPUE_2026!N46 -> 79.2055 | I38: =+MED_CPUE_2026!P46 -> 47.1454 | N38: =+A38 -> 2019 | O38: =+B38/B$2 -> 0.77097093 | Q38: =+D38/D$2 -> 0.92327068 | R38: =+E38/E$2 -> 0.89418048 | S38: =+F38/F$2 -> 1.0645026 | T38: =+G38/G$2 -> 0.70011569 | U38: =+H38/H$2 -> 0.80373596 | V38: =+I38/I$2 -> 0.63433011
A39: =+MED_CPUE_2026!A47 -> 2020 | B39: =+MED_CPUE_2026!B47 -> 138.79 | D39: =+MED_CPUE_2026!F47 -> 209.34 | E39: =+MED_CPUE_2026!H47 -> 7.13 | F39: =+MED_CPUE_2026!J47 -> 76.9 | G39: =+MED_CPUE_2026!L47 -> 5.1363 | H39: =+MED_CPUE_2026!N47 -> 77.893 | I39: =+MED_CPUE_2026!P47 -> 53.6624 | N39: =+A39 -> 2020 | O39: =+B39/B$2 -> 0.83433182 | Q39: =+D39/D$2 -> 1.0952427 | R39: =+E39/E$2 -> 1.1107155 | S39: =+F39/F$2 -> 0.69787086 | T39: =+G39/G$2 -> 0.75117067 | U39: =+H39/H$2 -> 0.79041739 | V39: =+I39/I$2 -> 0.72201479
A40: =+MED_CPUE_2026!A48 -> 2021 | B40: =+MED_CPUE_2026!B48 -> 143.04 | D40: =+MED_CPUE_2026!F48 -> 125.77 | E40: =+MED_CPUE_2026!H48 -> 4.19 | F40: =+MED_CPUE_2026!J48 -> 67.6 | G40: =+MED_CPUE_2026!L48 -> 6.6537 | H40: =+MED_CPUE_2026!N48 -> 93.605 | I40: =+MED_CPUE_2026!P48 -> 55.357 | N40: =+A40 -> 2021 | O40: =+B40/B$2 -> 0.85988056 | Q40: =+D40/D$2 -> 0.65801413 | R40: =+E40/E$2 -> 0.6527206 | S40: =+F40/F$2 -> 0.61347295 | T40: =+G40/G$2 -> 0.97308652 | U40: =+H40/H$2 -> 0.94985454 | V40: =+I40/I$2 -> 0.74481523
A41: =+MED_CPUE_2026!A49 -> 2022 | B41: =+MED_CPUE_2026!B49 -> 91.21 | D41: =+MED_CPUE_2026!F49 -> 167.22 | E41: =+MED_CPUE_2026!H49 -> 5.16 | F41: =+MED_CPUE_2026!J49 -> 106.3 | G41: =+MED_CPUE_2026!L49 -> 6.1155 | H41: =+MED_CPUE_2026!N49 -> 91.8761 | I41: =+MED_CPUE_2026!P49 -> 57.3748 | N41: =+A41 -> 2022 | O41: =+B41/B$2 -> 0.54830611 | Q41: =+D41/D$2 -> 0.87487574 | R41: =+E41/E$2 -> 0.80382775 | S41: =+F41/F$2 -> 0.96467714 | T41: =+G41/G$2 -> 0.89437615 | U41: =+H41/H$2 -> 0.93231057 | V41: =+I41/I$2 -> 0.77196425
A42: =+MED_CPUE_2026!A50 -> 2023 | B42: =+MED_CPUE_2026!B50 -> 110.74 | D42: =+MED_CPUE_2026!F50 -> 182.35 | E42: =+MED_CPUE_2026!H50 -> 5.79 | F42: =+MED_CPUE_2026!J50 -> 118.4 | G42: =+MED_CPUE_2026!L50 -> 6.0801 | H42: =+MED_CPUE_2026!N50 -> 99.3975 | I42: =+MED_CPUE_2026!P50 -> 55.386 | N42: =+A42 -> 2023 | O42: =+B42/B$2 -> 0.6657101 | Q42: =+D42/D$2 -> 0.95403416 | R42: =+E42/E$2 -> 0.90196951 | S42: =+F42/F$2 -> 1.0744852 | T42: =+G42/G$2 -> 0.88919899 | U42: =+H42/H$2 -> 1.0086338 | V42: =+I42/I$2 -> 0.74520542
A43: =+MED_CPUE_2026!A51 -> 2024 | B43: =+MED_CPUE_2026!B51 -> 118.74 | F43: =+MED_CPUE_2026!J51 -> 88 | G43: =+MED_CPUE_2026!L51 -> 6.7824 | H43: =+MED_CPUE_2026!N51 -> 72.807 | I43: =+MED_CPUE_2026!P51 -> 56.5013 | N43: =+A43 -> 2024 | O43: =+B43/B$2 -> 0.71380186 | S43: =+F43/F$2 -> 0.79860384 | T43: =+G43/G$2 -> 0.99190856 | U43: =+H43/H$2 -> 0.73880733 | V43: =+I43/I$2 -> 0.76021152

Sheet Med_Eval2026
A1: SWODP 2026
D2: weight | E2: weight/number | F2: weight/number | G2: weight
D3: GRC_LL | E3: LIG_LL | F3: SPN_LL | G3: MOR_LL
C4: Stock | D4: Mediterranean | E4: Mediterranean | F4: Mediterranean | G4: Mediterranean
C5: Will be used in current stock assessment? State model/s. | D5: Yes | E5: Yes | F5: Yes | G5: Yes
C6: SCRS Doc No: | D6: SCRS/2026/039 | E6: SCRS/2026/042 | F6: SCRS/2026/029 | G6: SCRS/2026/048
C7: Index Name: | D7: Greece longline | E7: Liguria longline | F7: Spain longline | G7: Morocco longline
C8: Data Source (state if based on logbooks, observer data etc) | D8: Observations at landings and aboard | E8: Observations at landings and aboard | F8: Logbook and observer data | G8: Fish market statistics
C9: Do the authors indicate the percentage of total effort of the fleet the CPUE data represents? | D9: No | E9: Yes | F9: Yes on catches | G9: No
C10: If the answer to 1 is yes, what is the percentage? | E10: 21-30% | F10: 43% latest years
C11: Are sufficient diagnostics provided to assess model performance?? | D11: Sufficient | E11: Sufficient | F11: Sufficient | G11: Sufficient
C12: How does the model perform relative to the diagnostics ? | D12: Well | E12: Well | F12: Well | G12: Well
C13: Documented data exclusions and classifications? | D13: NA | E13: Yes | F13: Yes | G13: NA
C14: Data exclusions appropriate? | D14: NA | E14: Yes | F14: Yes | G14: NA
C15: Data classifications appropriate? | D15: NA | E15: Yes | F15: Yes | G15: NA
C16: Geographical Area | D16: East Med | E16: Ligurian Sea | F16: Western Med | G16: St. Gibrartar, West Med
C17: Data resolution level | D17: trip | E17: trip | F17: trip | G17: trip
C18: Ranking of Catch of fleet in TINC database (use data catalogue) | D18: 1-5 | E18: 11 or more | F18: 1-5 | G18: 1-5
C19: Length of Time Series | D19: longer than 20 years | E19: 11-20 years | F19: longer than 20 years | G19: 11-20 years
C20: Are other indices available for the same time period? | D20: Few | E20: Few | F20: Few | G20: None
C21: Are other indices available for the same geographic range? | D21: None | E21: Few | F21: Few | G21: None
C22: Does the index standardization account for Known factors that influence catchability/selectivity? (eg. Type of hook, bait type, depth etc.) | D22: Yes | E22: Yes | F22: Yes | G22: No
... C26: Is this standardised CPUE time series continuous? | D26: Yes | E26: Yes | F26: Yes | G26: Yes
C27: For fisheries independent surveys: what is the survey type?
C28: For 19: Is the survey design clearly described?
C29: Other Comments | D29: Biomass index (< 10 x 10 degrees) | E29: Index in Numbers and biomass. Recommend to use Biomass index. The total catch by Ligurian is about 6% of the EU-Italy LL. | F29: Index both Numbers and biomass Recommend use Biomass index | G29: Localised (< 10 x 10 degrees)
A32: Retained only; Both | C32: Does the index include discarded and retained fish? | D32: Retained only | E32: Retained Only | F32: Retained only | G32: Retained Only

Sheet Comp2020vs2026
A1: Stock | B1: Med | C1: Med | D1: Med | E1: Med | F1: Med | G1: Med | H1: Med | I1: Med | J1: Med | K1: Med | L1: Med | M1: Med | N1: Med | O1: Med | P1: Med | Q1: Med | R1: Med | S1: Med | T1: Med | U1: Med | V1: Med | W1: Med | X1: Med | Y1: Med | Z1: Med | AA1: Med | AB1: Med | AC1: Med | AD1: Med | AE1: Med | AF1: Med | AG1: Med | AH1: Med | AI1: Med | AJ1: Med | AK1: Med | AL1: Med | AM1: Med | AN1: Med | AO1: Med | AP1: Med | AQ1: Med | AR1: Med | AS1: Med | AT1: Med | AU1: Med | AV1: Med | AW1: Med | AX1: Med | AY1: Med | AZ1: Med | BA1: Med | BB1: Med | BC1: Med | BF1: Stock | BG1: South | BH1: South | BI1: South | BJ1: South | BK1: South | BL1: South | BM1: South | BN1: South | BO1: South | BP1: South | BQ1: South | BR1: South | BS1: South | BT1: South | BU1: South | BV1: South | BW1: South | BX1: South | BY1: South | BZ1: South | CA1: South | CB1: South | CC1: South | CD1: South | CE1: South | CF1: South | CG1: South | CH1: South | CI1: South | CJ1: South | CK1: South | CL1: South | CM1: South | CN1: South | CO1: South | CP1: South | CQ1: South | CR1: South | CS1: South | CT1: South | CU1: South | CV1: South | CW1: South | CX1: South | CY1: South | CZ1: South | DA1: South | DB1: South | DC1: South | DD1: South | DE1: South | DF1: South | DG1: South | DH1: South | DI1: South | DJ1: South | DK1: South | DL1: South | DM1: South
R2: 2020 | S2: vs | T2: 2026 | X2: 2020 | Y2: vs | Z2: 2026 | AD2: 2020 | AE2: vs | AF2: 2026 | AK2: 2020 | AL2: vs | AM2: 2026 | AR2: 2020 | AS2: vs | AT2: 2026 | AY2: 2020 | AZ2: vs | BA2: 2026 | BU2: SATL | BV2: 2022 | BW2: vs | BX2: 2026 | CD2: 2022 | CE2: vs | CF2: 2026 | CJ2: 2022 | CK2: vs | CL2: 2026 | CP2: 2022 | CQ2: vs | CR2: 2026
R3: Compare GRC LL index | X3: Compare n_SPN LL index | AD3: Compare w_SPN LL index | AK3: Compare w_LIG_LL | AR3: Compare n_LIG_LL | AY3: Compare MOR LL index
A4: stock, med and south | R4: scaled to overlap years | X4: scaled to overlap years | AD4: scaled to overlap years
AN5: scaled to overlap years | AU5: scaled to overlap years | BB5: scaled to overlap years | BV5: BRA LL | BW5: BRA-URY LL | CD5: w SPN LL | CJ5: n SPN LL | CP5: ZAF LL | CX5: JPNLL | CY5: JPNLL | CZ5: JPNLL | DJ5: CTPLL
R6: Year | S6: 2020 | T6: 2026 | U6: =+S6 -> 2020 | V6: =+T6 -> 2026 | X6: Year | Y6: 2020 | Z6: 2026 | AA6: =+Y6 -> 2020 | AB6: =+Z6 -> 2026 | AD6: Year | AE6: 2020 | AF6: 2026 | AG6: =+AE6 -> 2020 | AH6: =+AF6 -> 2026 | AK6: Year | AL6: 2020 | AM6: 2026 | AN6: =+AL6 -> 2020 | AO6: =+AM6 -> 2026 | AR6: Year | AS6: 2020 | AT6: 2026 | AU6: =+AS6 -> 2020 | AV6: =+AT6 -> 2026 | AY6: Year | AZ6: 2020 | BA6: 2026 | BB6: =+AZ6 -> 2020 | BC6: =+BA6 -> 2026 | BV6: 2022 BRALL | BW6: 2026 BRA-URY LL novessel | BX6: 2026 BRA-URY LL w_vessel | BY6: 2022 BRALL | BZ6: 2026 BRA-URY LL novessel | CA6: 2026 BRA-URY LL w_vessel | CD6: 2022 | CE6: 2026 | CF6: =+CD6 -> 2022 | CG6: =+CE6 -> 2026 | CJ6: 2022 | CK6: 2026 | CL6: =+CJ6 -> 2022 | CM6: =+CK6 -> 2026 | CP6: 2022 | CQ6: 2026 | CR6: 2022 | CS6: 2026 | CV6: JPNLL1_2022 | CW6: JPNLL2_2022 | CX6: JPNLL1_2026 | CY6: JPNLL2_2026 | CZ6: JPNLL3_2026 | DA6: =+CV6 -> JPNLL1_2022 | DB6: =+CW6 -> JPNLL2_2022 | DC6: =+CX6 -> JPNLL1_2026 | DD6: =+CY6 -> JPNLL2_2026 | DE6: =+CZ6 -> JPNLL3_2026 | DH6: CTPLL1_2022 | DI6: CTPLL2_2022 | DJ6: 2026 | DK6: =+DH6 -> CTPLL1_2022 | DL6: =+DI6 -> CTPLL2_2022 | DM6: =+DJ6 -> 2026 | DR6: atDP | DS6: afterDP | DT6: atDP | DU6: afterDP
R7: 1987 | S7: 214.7 | T7: 181.7 | U7: =+S7/S$46 -> 1.3580013 | V7: =+T7/T$46 -> 1.0400538 | X7: 1987 | AD7: 1987 | AK7: 2010 | AL7: 332.03 | AM7: 336.73 | AN7: =+AL7/AL$23 -> 1.8555958 | AO7: =+AM7/AM$23 -> 1.6699656 | AR7: 2010 | AS7: 7.95 | AT7: 8.95 | AU7: =+AS7/AS$23 -> 1.3818076 | AV7: =+AT7/AT$23 -> 1.3021339 | AY7: 2012 | AZ7: 276.912 | BA7: 111.2 | BB7: =+AZ7/AZ$23 -> 1.9259041 | BC7: =+BA7/BA$23 -> 1.2147809 | BU7: 1994 | BV7: 1.052 | BW7: 1.094 | BX7: 0.915 | BY7: =+BV7/BV$40 -> 1.0245644 | BZ7: =+BW7/BW$40 -> 1.0229256 | CA7: =+BX7/BX$40 -> 0.81394966 | CC7: 1989 | CD7: 522.857 | CE7: 583.153 | CF7: =+CD7/CD$45 -> 1.3518738 | CG7: =+CE7/CE$45 -> 1.283133 | CI7: 1989 | CJ7: 9.45886 | CK7: 9.6328 | CL7: =+CJ7/CJ$45 -> 1.2426306 | CM7: =+CK7/CK$45 -> 1.1340311 | CO7: 2004 | CP7: 541.83997 | CQ7: 1.25 | CR7: =+CP7/CP$30 -> 1.5294435 | CS7: =+CQ7/CQ$30 -> 1.1727373 | CU7: 1962 | CX7: 2.5 | DC7: =+CX7/CX$71 -> 2.5035765 | DG7: 1962 | DQ7: 1994 | DR7: 9.678401 | DS7: 9.320395 | DT7: =+DR7/AVERAGE(DR$7:DR$37) -> 1.4913266 | DU7: =+DS7/AVERAGE(DS$7:DS$37) -> 1.4377266
R8: 1988 | S8: 238.2 | T8: 213.31 | U8: =+S8/S$46 -> 1.5066414 | V8: =+T8/T$46 -> 1.22099 | X8: 1988 | Y8: 3.3970693 | Z8: 11.7582 | AA8: =+Y8/Y$46 -> 1.1922943 | AB8: =+Z8/Z$46 -> 1.6763384 | AD8: 1988 | AE8: 127.7592 | AF8: 128.575 | AG8: =+AE8/AE$46 -> 1.2582017 | AH8: =+AF8/AF$46 -> 1.2728399 | AK8: =1+AK7 -> 2011 | AL8: 239 | AM8: 246.91 | AN8: =+AL8/AL$23 -> 1.3356847 | AO8: =+AM8/AM$23 -> 1.2245158 | AR8: =1+AR7 -> 2011 | AS8: 7.17 | AT8: 7.69 | AU8: =+AS8/AS$23 -> 1.2462341 | AV8: =+AT8/AT$23 -> 1.1188167 | AY8: =1+AY7 -> 2013 | AZ8: 164.003 | BA8: 155.757 | BB8: =+AZ8/AZ$23 -> 1.1406297 | BC8: =+BA8/BA$23 -> 1.7015344 | BU8: 1995 | BV8: 1.436 | BW8: 1.425 | BX8: 1.262 | BY8: =+BV8/BV$40 -> 1.3985499 | BZ8: =+BW8/BW$40 -> 1.3324214 | CA8: =+BX8/BX$40 -> 1.1226278 | CC8: 1990 | CD8: 396.324 | CE8: 439.132 | CF8: =+CD8/CD$45 -> 1.0247162 | CG8: =+CE8/CE$45 -> 0.96623832 | CI8: 1990 | CJ8: 6.94712 | CK8: 7.2861 | CL8: =+CJ8/CJ$45 -> 0.912658 | CM8: =+CK8/CK$45 -> 0.85776344 | CO8: 2005 | CP8: 465.70948 | CQ8: 1.95 | CR8: =+CP8/CP$30 -> 1.3145511 | CS8: =+CQ8/CQ$30 -> 1.8294702 | CU8: =+CU7+1 -> 1963 | CX8: 1.9 | DC8: =+CX8/CX$71 -> 1.9027182 | DG8: =+DG7+1 -> 1963 | DQ8: 1995 | DR8: 8.4363388 | DS8: 8.220347 | DT8: =+DR8/AVERAGE(DR$7:DR$37) -> 1.2999396 | DU8: =+DS8/AVERAGE(DS$7:DS$37) -> 1.2680376
R9: 1989 | T9: 247.25 | V9: =+T9/T$46 -> 1.4152631 | X9: 1989 | Y9: 2.3286833 | Z9: 4.1086 | AA9: =+Y9/Y$46 -> 0.81731506 | AB9: =+Z9/Z$46 -> 0.58575327 | AD9: 1989 | AE9: 115.50113 | AF9: 115.4062 | AG9: =+AE9/AE$46 -> 1.1374814 | AH9: =+AF9/AF$46 -> 1.1424741 | AK9: =1+AK8 -> 2012 | AL9: 143.5 | AM9: 156.27 | AN9: =+AL9/AL$23 -> 0.80196968 | AO9: =+AM9/AM$23 -> 0.77499931 | AR9: =1+AR8 -> 2012 | AS9: 5.29 | AT9: 6.08 | AU9: =+AS9/AS$23 -> 0.91946698 | AV9: =+AT9/AT$23 -> 0.88457808 | AY9: =1+AY8 -> 2014 | AZ9: 190.499 | BA9: 77.266 | BB9: =+AZ9/AZ$23 -> 1.3249076 | BC9: =+BA9/BA$23 -> 0.84407607 | BU9: 1996 | BV9: 1.581 | BW9: 1.726 | BX9: 1.216 | BY9: =+BV9/BV$40 -> 1.5397684 | BZ9: =+BW9/BW$40 -> 1.6138662 | CA9: =+BX9/BX$40 -> 1.081708 | CC9: 1991 | CD9: 384.849 | CE9: 428.029 | CF9: =+CD9/CD$45 -> 0.995047 | CG9: =+CE9/CE$45 -> 0.94180798 | CI9: 1991 | CJ9: 7.01862 | CK9: 7.4092 | CL9: =+CJ9/CJ$45 -> 0.92205111 | CM9: =+CK9/CK$45 -> 0.87225551 | CO9: 2006 | CP9: 396.89674 | CQ9: 1.49 | CR9: =+CP9/CP$30 -> 1.1203144 | CS9: =+CQ9/CQ$30 -> 1.3979029 | CU9: =+CU8+1 -> 1964 | CX9: 1.7 | DC9: =+CX9/CX$71 -> 1.702432 | DG9: =+DG8+1 -> 1964 | DQ9: 1996 | DR9: 9.1710564 | DS9: 8.762103 | DT9: =+DR9/AVERAGE(DR$7:DR$37) -> 1.4131508 | DU9: =+DS9/AVERAGE(DS$7:DS$37) -> 1.3516067
R10: 1990 | S10: 234.5 | T10: 186.44 | U10: =+S10/S$46 -> 1.4832385 | V10: =+T10/T$46 -> 1.0671856 | X10: 1990 | Y10: 2.4615767 | Z10: 4.6593 | AA10: =+Y10/Y$46 -> 0.86395761 | AB10: =+Z10/Z$46 -> 0.66426525 | AD10: 1990 | AE10: 124.55557 | AF10: 122.1755 | AG10: =+AE10/AE$46 -> 1.2266517 | AH10: =+AF10/AF$46 -> 1.2094874 | AK10: =1+AK9 -> 2013 | AL10: 158.52 | AM10: 171.67 | AN10: =+AL10/AL$23 -> 0.88591104 | AO10: =+AM10/AM$23 -> 0.85137347 | AR10: =1+AR9 -> 2013 | AS10: 5.03 | AT10: 5.9 | AU10: =+AS10/AS$23 -> 0.87427578 | AV10: =+AT10/AT$23 -> 0.85838991 | AY10: =1+AY9 -> 2015 | AZ10: 156.778 | BA10: 88.18 | BB10: =+AZ10/AZ$23 -> 1.0903803 | BC10: =+BA10/BA$23 -> 0.96330375 | BU10: 1997 | BV10: 1.492 | BW10: 1.605 | BX10: 1.191 | BY10: =+BV10/BV$40 -> 1.4530895 | BZ10: =+BW10/BW$40 -> 1.5007272 | CA10: =+BX10/BX$40 -> 1.0594689 | CC10: 1992 | CD10: 349.279 | CE10: 386.308 | CF10: =+CD10/CD$45 -> 0.90307893 | CG10: =+CE10/CE$45 -> 0.85000772 | CI10: 1992 | CJ10: 6.34249 | CK10: 6.6774 | CL10: =+CJ10/CJ$45 -> 0.83322646 | CM10: =+CK10/CK$45 -> 0.78610362 | CO10: 2007 | CP10: 387.23407 | CQ10: 1.36 | CR10: =+CP10/CP$30 -> 1.0930398 | CS10: =+CQ10/CQ$30 -> 1.2759382 | CU10: =+CU9+1 -> 1965 | CX10: 1.2 | DC10: =+CX10/CX$71 -> 1.2017167 | DG10: =+DG9+1 -> 1965 | DQ10: 1997 | DR10: 7.5944379 | DS10: 7.366469 | DT10: =+DR10/AVERAGE(DR$7:DR$37) -> 1.1702127 | DU10: =+DS10/AVERAGE(DS$7:DS$37) -> 1.1363218
R11: 1991 | S11: 316.8 | T11: 228.97 | U11: =+S11/S$46 -> 2.0037951 | V11: =+T11/T$46 -> 1.3106281 | X11: 1991 | Y11: 2.9209263 | Z11: 7.3097 | AA11: =+Y11/Y$46 -> 1.0251789 | AB11: =+Z11/Z$46 -> 1.0421264 | AD11: 1991 | AE11: 85.883965 | AF11: 86.7179 | AG11: =+AE11/AE$46 -> 0.84580485 | AH11: =+AF11/AF$46 -> 0.85847172 | AK11: =1+AK10 -> 2014 | AL11: 224.52 | AM11: 245.33 | AN11: =+AL11/AL$23 -> 1.2547612 | AO11: =+AM11/AM$23 -> 1.21668 | AR11: =1+AR10 -> 2014 | AS11: 8.01 | AT11: 9.6 | AU11: =+AS11/AS$23 -> 1.3922364 | AV11: =+AT11/AT$23 -> 1.3967022 | AY11: =1+AY10 -> 2016 | AZ11: 58.971 | BA11: 87.318 | BB11: =+AZ11/AZ$23 -> 0.4101393 | BC11: =+BA11/BA$23 -> 0.95388702 | BU11: 1998 | BV11: 1.261 | BW11: 1.347 | BX11: 1.249 | BY11: =+BV11/BV$40 -> 1.2281138 | BZ11: =+BW11/BW$40 -> 1.2594888 | CA11: =+BX11/BX$40 -> 1.1110635 | CC11: 1993 | CD11: 302.03 | CE11: 331.888 | CF11: =+CD11/CD$45 -> 0.78091419 | CG11: =+CE11/CE$45 -> 0.73026539 | CI11: 1993 | CJ11: 5.71652 | CK11: 6.0407 | CL11: =+CJ11/CJ$45 -> 0.75099145 | CM11: =+CK11/CK$45 -> 0.71114748 | CO11: 2008 | CP11: 324.82878 | CQ11: 0.92 | CR11: =+CP11/CP$30 -> 0.91688931 | CS11: =+CQ11/CQ$30 -> 0.86313466 | CU11: =+CU10+1 -> 1966 | CX11: 0.91 | DC11: =+CX11/CX$71 -> 0.91130186 | DG11: =+DG10+1 -> 1966 | DQ11: 1998 | DR11: 8.7230603 | DS11: 8.628698 | DT11: =+DR11/AVERAGE(DR$7:DR$37) -> 1.34412 | DU11: =+DS11/AVERAGE(DS$7:DS$37) -> 1.3310282
R12: 1992 | S12: 127.4 | T12: 100.21 | U12: =+S12/S$46 -> 0.8058191 | V12: =+T12/T$46 -> 0.5736037 | X12: 1992 | Y12: 3.0472063 | Z12: 8.2662 | AA12: =+Y12/Y$46 -> 1.0695003 | AB12: =+Z12/Z$46 -> 1.1784923 | AD12: 1992 | AE12: 74.20049 | AF12: 74.2483 | AG12: =+AE12/AE$46 -> 0.73074333 | AH12: =+AF12/AF$46 -> 0.73502778 | AK12: =1+AK11 -> 2015 | AL12: 160.05 | AM12: 158.99 | AN12: =+AL12/AL$23 -> 0.89446166 | AO12: =+AM12/AM$23 -> 0.78848877 | AR12: =1+AR11 -> 2015 | AS12: 5.14 | AT12: 5.36 | AU12: =+AS12/AS$23 -> 0.89339513 | AV12: =+AT12/AT$23 -> 0.77982541 | AY12: =1+AY11 -> 2017 | AZ12: 67.877 | BA12: 57.424 | BB12: =+AZ12/AZ$23 -> 0.47207992 | BC12: =+BA12/BA$23 -> 0.62731634 | BU12: 1999 | BV12: 1.056 | BW12: 1.05 | BX12: 1.032 | BY12: =+BV12/BV$40 -> 1.0284601 | BZ12: =+BW12/BW$40 -> 0.98178418 | CA12: =+BX12/BX$40 -> 0.91802847 | CC12: 1994 | CD12: 345.977 | CE12: 383.892 | CF12: =+CD12/CD$45 -> 0.89454143 | CG12: =+CE12/CE$45 -> 0.84469171 | CI12: 1994 | CJ12: 6.93133 | CK12: 7.3698 | CL12: =+CJ12/CJ$45 -> 0.91058363 | CM12: =+CK12/CK$45 -> 0.86761711 | CO12: 2009 | CP12: 314.95114 | CQ12: 0.85 | CR12: =+CP12/CP$30 -> 0.88900786 | CS12: =+CQ12/CQ$30 -> 0.79746137 | CU12: =+CU11+1 -> 1967 | CX12: 0.46 | DC12: =+CX12/CX$71 -> 0.46065808 | DG12: =+DG11+1 -> 1967 | DQ12: 1999 | DR12: 6.1909225 | DS12: 6.114747 | DT12: =+DR12/AVERAGE(DR$7:DR$37) -> 0.9539476 | DU12: =+DS12/AVERAGE(DS$7:DS$37) -> 0.94323625
R13: 1993 | S13: 211.4 | T13: 151.64 | U13: =+S13/S$46 -> 1.3371284 | V13: =+T13/T$46 -> 0.86798987 | X13: 1993 | Y13: 3.0430707 | Z13: 8.2301 | AA13: =+Y13/Y$46 -> 1.0680488 | AB13: =+Z13/Z$46 -> 1.1733457 | AD13: 1993 | AE13: 98.336918 | AF13: 98.0339 | AG13: =+AE13/AE$46 -> 0.96844438 | AH13: =+AF13/AF$46 -> 0.97049548 | AK13: =1+AK12 -> 2016 | AL13: 145.51 | AM13: 197.82 | AN13: =+AL13/AL$23 -> 0.81320285 | AO13: =+AM13/AM$23 -> 0.98106075 | AR13: =1+AR12 -> 2016 | AS13: 5.62 | AT13: 7.7 | AU13: =+AS13/AS$23 -> 0.97682503 | AV13: =+AT13/AT$23 -> 1.1202716 | AY13: =1+AY12 -> 2018 | AZ13: 91.44 | BA13: 63.629 | BB13: =+AZ13/AZ$23 -> 0.63595899 | BC13: =+BA13/BA$23 -> 0.69510155 | BU13: 2000 | BV13: 0.948 | BW13: 0.96 | BX13: 1.042 | BY13: =+BV13/BV$40 -> 0.9232767 | BZ13: =+BW13/BW$40 -> 0.89763125 | CA13: =+BX13/BX$40 -> 0.92692409 | CC13: 1995 | CD13: 395.588 | CE13: 438.518 | CF13: =+CD13/CD$45 -> 1.0228132 | CG13: =+CE13/CE$45 -> 0.96488731 | CI13: 1995 | CJ13: 8.18962 | CK13: 8.6717 | CL13: =+CJ13/CJ$45 -> 1.0758879 | CM13: =+CK13/CK$45 -> 1.0208846 | CO13: 2010 | CP13: 355.08458 | CQ13: 1.27 | CR13: =+CP13/CP$30 -> 1.0022919 | CS13: =+CQ13/CQ$30 -> 1.1915011 | CU13: =+CU12+1 -> 1968 | CX13: 0.8 | DC13: =+CX13/CX$71 -> 0.80114449 | DG13: =+DG12+1 -> 1968 | DH13: 0.091082152 | DK13: =+DH13/DH$71 -> 1.1968739 | DQ13: 2000 | DR13: 7.0119783 | DS13: 6.895216 | DT13: =+DR13/AVERAGE(DR$7:DR$37) -> 1.0804625 | DU13: =+DS13/AVERAGE(DS$7:DS$37) -> 1.0636283
R14: 1994 | S14: 298.4 | T14: 175.7 | U14: =+S14/S$46 -> 1.887413 | V14: =+T14/T$46 -> 1.0057097 | X14: 1994 | Y14: 3.2752519 | Z14: 10.362 | AA14: =+Y14/Y$46 -> 1.1495392 | AB14: =+Z14/Z$46 -> 1.4772855 | AD14: 1994 | AE14: 120.48191 | AF14: 119.9387 | AG14: =+AE14/AE$46 -> 1.1865333 | AH14: =+AF14/AF$46 -> 1.187344 | AK14: =1+AK13 -> 2017 | AL14: 118.75 | AM14: 179.97 | AN14: =+AL14/AL$23 -> 0.66365087 | AO14: =+AM14/AM$23 -> 0.89253616 | AR14: =1+AR13 -> 2017 | AS14: 4.19 | AT14: 6.46 | AU14: =+AS14/AS$23 -> 0.72827346 | AV14: =+AT14/AT$23 -> 0.93986421 | AY14: =1+AY13 -> 2019 | BA14: 47.145 | BC14: =+BA14/BA$23 -> 0.51502558 | BU14: 2001 | BV14: 0.884 | BW14: 0.849 | BX14: 0.93 | BY14: =+BV14/BV$40 -> 0.86094579 | BZ14: =+BW14/BW$40 -> 0.79384264 | CA14: =+BX14/BX$40 -> 0.82729309 | CC14: 1996 | CD14: 355.344 | CE14: 389.464 | CF14: =+CD14/CD$45 -> 0.9187603 | CG14: =+CE14/CE$45 -> 0.85695199 | CI14: 1996 | CJ14: 7.2182 | CK14: 7.5809 | CL14: =+CJ14/CJ$45 -> 0.94827036 | CM14: =+CK14/CK$45 -> 0.89246907 | CO14: 2011 | CP14: 239.92991 | CQ14: 0.61 | CR14: =+CP14/CP$30 -> 0.67724655 | CS14: =+CQ14/CQ$30 -> 0.57229581 | CU14: =+CU13+1 -> 1969 | CX14: 0.86 | DC14: =+CX14/CX$71 -> 0.86123033 | DG14: =+DG13+1 -> 1969 | DH14: 0.066517906 | DK14: =+DH14/DH$71 -> 0.87408503 | DQ14: 2001 | DR14: 6.250734 | DS14: 6.172336 | DT14: =+DR14/AVERAGE(DR$7:DR$37) -> 0.96316384 | DU14: =+DS14/AVERAGE(DS$7:DS$37) -> 0.9521197
R15: 1995 | S15: 181.4 | T15: 119.98 | U15: =+S15/S$46 -> 1.1473751 | V15: =+T15/T$46 -> 0.6867675 | X15: 1995 | Y15: 3.1096494 | Z15: 8.754 | AA15: =+Y15/Y$46 -> 1.0914164 | AB15: =+Z15/Z$46 -> 1.2480368 | AD15: 1995 | AE15: 96.198584 | AF15: 94.2404 | AG15: =+AE15/AE$46 -> 0.94738557 | AH15: =+AF15/AF$46 -> 0.93294139 | AK15: =1+AK14 -> 2018 | AL15: 88.53 | AM15: 121.06 | AN15: =+AL15/AL$23 -> 0.4947622 | AO15: =+AM15/AM$23 -> 0.60038022 | AR15: =1+AR14 -> 2018 | AS15: 3.38 | AT15: 4.12 | AU15: =+AS15/AS$23 -> 0.58748552 | AV15: =+AT15/AT$23 -> 0.59941804 | AY15: =1+AY14 -> 2020 | BA15: 53.662 | BC15: =+BA15/BA$23 -> 0.58621917 | BU15: 2002 | BV15: 0.901 | BW15: 0.852 | BX15: 0.803 | BY15: =+BV15/BV$40 -> 0.87750243 | BZ15: =+BW15/BW$40 -> 0.79664774 | CA15: =+BX15/BX$40 -> 0.71431866 | CC15: 1997 | CD15: 337.808 | CE15: 381.852 | CF15: =+CD15/CD$45 -> 0.87342006 | CG15: =+CE15/CE$45 -> 0.84020302 | CI15: 1997 | CJ15: 6.99647 | CK15: 7.6168 | CL15: =+CJ15/CJ$45 -> 0.91914121 | CM15: =+CK15/CK$45 -> 0.89669543 | CO15: 2012 | CP15: 250.16324 | CQ15: 0.54 | CR15: =+CP15/CP$30 -> 0.706132 | CS15: =+CQ15/CQ$30 -> 0.50662252 | CU15: =+CU14+1 -> 1970 | CX15: 0.81 | DC15: =+CX15/CX$71 -> 0.8111588 | DG15: =+DG14+1 -> 1970 | DH15: 0.0640321 | DK15: =+DH15/DH$71 -> 0.84142005 | DQ15: 2002 | DR15: 4.6569676 | DS15: 4.643064 | DT15: =+DR15/AVERAGE(DR$7:DR$37) -> 0.71758338 | DU15: =+DS15/AVERAGE(DS$7:DS$37) -> 0.71622036
R16: 1996 | T16: 181.7 | V16: =+T16/T$46 -> 1.0400538 | X16: 1996 | Y16: 2.7272395 | Z16: 5.9796 | AA16: =+Y16/Y$46 -> 0.95719923 | AB16: =+Z16/Z$46 -> 0.85249726 | AD16: 1996 | AE16: 82.058604 | AF16: 80.784 | AG16: =+AE16/AE$46 -> 0.80813183 | AH16: =+AF16/AF$46 -> 0.79972853 | AK16: =1+AK15 -> 2019 | AM16: 176.47 | AO16: =+AM16/AM$23 -> 0.8751784 | AR16: =1+AR15 -> 2019 | AT16: 5.74 | AV16: =+AT16/AT$23 -> 0.83511154 | AY16: =1+AY15 -> 2021 | BA16: 55.357 | BC16: =+BA16/BA$23 -> 0.60473584 | BU16: 2003 | BV16: 1.042 | BW16: 1.024 | BX16: 1.056 | BY16: =+BV16/BV$40 -> 1.0148252 | BZ16: =+BW16/BW$40 -> 0.95747333 | CA16: =+BX16/BX$40 -> 0.93937797 | CC16: 1998 | CD16: 328.532 | CE16: 371.247 | CF16: =+CD16/CD$45 -> 0.84943648 | CG16: =+CE16/CE$45 -> 0.81686845 | CI16: 1998 | CJ16: 6.93616 | CK16: 7.5117 | CL16: =+CJ16/CJ$45 -> 0.91121816 | CM16: =+CK16/CK$45 -> 0.88432243 | CO16: 2013 | CP16: 379.34231 | CQ16: 0.88 | CR16: =+CP16/CP$30 -> 1.0707638 | CS16: =+CQ16/CQ$30 -> 0.82560706 | CU16: =+CU15+1 -> 1971 | CX16: 0.54 | DC16: =+CX16/CX$71 -> 0.54077253 | DG16: =+DG15+1 -> 1971 | DH16: 0.068732988 | DK16: =+DH16/DH$71 -> 0.90319254 | DQ16: 2003 | DR16: 6.2041868 | DS16: 6.182151 | DT16: =+DR16/AVERAGE(DR$7:DR$37) -> 0.95599147 | DU16: =+DS16/AVERAGE(DS$7:DS$37) -> 0.95363372
R17: 1997 | T17: 256.78 | V17: =+T17/T$46 -> 1.469813 | X17: 1997 | Y17: 2.6837929 | Z17: 5.742 | AA17: =+Y17/Y$46 -> 0.94195048 | AB17: =+Z17/Z$46 -> 0.81862319 | AD17: 1997 | AE17: 83.987809 | AF17: 82.5939 | AG17: =+AE17/AE$46 -> 0.82713108 | AH17: =+AF17/AF$46 -> 0.8176458 | AK17: =1+AK16 -> 2020 | AM17: 209.34 | AO17: =+AM17/AM$23 -> 1.0381926 | AR17: =1+AR16 -> 2020 | AT17: 7.13 | AV17: =+AT17/AT$23 -> 1.0373424 | AY17: =1+AY16 -> 2022 | BA17: 57.375 | BC17: =+BA17/BA$23 -> 0.62678105 | BU17: 2004 | BV17: 0.842 | BW17: 0.953 | BX17: 1.017 | BY17: =+BV17/BV$40 -> 0.82004112 | BZ17: =+BW17/BW$40 -> 0.89108602 | CA17: =+BX17/BX$40 -> 0.90468503 | CC17: 1999 | CD17: 355.546 | CE17: 406.106 | CF17: =+CD17/CD$45 -> 0.91928258 | CG17: =+CE17/CE$45 -> 0.89356999 | CI17: 1999 | CJ17: 7.19703 | CK17: 7.87 | CL17: =+CJ17/CJ$45 -> 0.94548921 | CM17: =+CK17/CK$45 -> 0.92650366 | CO17: 2014 | CP17: 319.59417 | CQ17: 0.83 | CR17: =+CP17/CP$30 -> 0.90211366 | CS17: =+CQ17/CQ$30 -> 0.77869757 | CU17: =+CU16+1 -> 1972 | CX17: 0.44 | DC17: =+CX17/CX$71 -> 0.44062947 | DG17: =+DG16+1 -> 1972 | DH17: 0.068458442 | DK17: =+DH17/DH$71 -> 0.89958484 | DQ17: 2004 | DR17: 5.3907527 | DS17: 5.494389 | DT17: =+DR17/AVERAGE(DR$7:DR$37) -> 0.83065094 | DU17: =+DS17/AVERAGE(DS$7:DS$37) -> 0.84754232
R18: 1998 | S18: 250.2 | T18: 239.03 | U18: =+S18/S$46 -> 1.5825427 | V18: =+T18/T$46 -> 1.3682117 | X18: 1998 | Y18: 2.894288 | Z18: 7.0884 | AA18: =+Y18/Y$46 -> 1.0158295 | AB18: =+Z18/Z$46 -> 1.0105762 | AD18: 1998 | AE18: 93.771823 | AF18: 92.9999 | AG18: =+AE18/AE$46 -> 0.92348628 | AH18: =+AF18/AF$46 -> 0.92066094 | AK18: =1+AK17 -> 2021 | AM18: 125.77 | AO18: =+AM18/AM$23 -> 0.62373881 | AR18: =1+AR17 -> 2021 | AT18: 4.19 | AV18: =+AT18/AT$23 -> 0.60960233 | AY18: =1+AY17 -> 2023 | BA18: 55.386 | BC18: =+BA18/BA$23 -> 0.60505264 | BU18: 2005 | BV18: 0.858 | BW18: 1.043 | BX18: 1.145 | BY18: =+BV18/BV$40 -> 0.83562385 | BZ18: =+BW18/BW$40 -> 0.97523895 | CA18: =+BX18/BX$40 -> 1.018549 | CC18: 2000 | CD18: 429.918 | CE18: 498.168 | CF18: =+CD18/CD$45 -> 1.1115752 | CG18: =+CE18/CE$45 -> 1.0961374 | CI18: 2000 | CJ18: 8.83201 | CK18: 9.7862 | CL18: =+CJ18/CJ$45 -> 1.16028 | CM18: =+CK18/CK$45 -> 1.1520902 | CO18: 2015 | CP18: 406.64887 | CQ18: 1.01 | CR18: =+CP18/CP$30 -> 1.1478416 | CS18: =+CQ18/CQ$30 -> 0.94757174 | CU18: =+CU17+1 -> 1973 | CX18: 0.61 | DC18: =+CX18/CX$71 -> 0.61087268 | DG18: =+DG17+1 -> 1973 | DH18: 0.09107387 | DK18: =+DH18/DH$71 -> 1.1967651 | DQ18: 2005 | DR18: 5.2772171 | DS18: 5.461979 | DT18: =+DR18/AVERAGE(DR$7:DR$37) -> 0.81315645 | DU18: =+DS18/AVERAGE(DS$7:DS$37) -> 0.84254289
R19: 1999 | S19: 172.7 | T19: 208.38 | U19: =+S19/S$46 -> 1.0923466 | V19: =+T19/T$46 -> 1.1927706 | X19: 1999 | Y19: 2.666304 | Z19: 5.6138 | AA19: =+Y19/Y$46 -> 0.93581228 | AB19: =+Z19/Z$46 -> 0.80034603 | AD19: 1999 | AE19: 87.301633 | AF19: 85.8754 | AG19: =+AE19/AE$46 -> 0.85976637 | AH19: =+AF19/AF$46 -> 0.85013131 | AK19: =1+AK18 -> 2022 | AM19: 167.22 | AO19: =+AM19/AM$23 -> 0.82930431 | AR19: =1+AR18 -> 2022 | AT19: 5.16 | AV19: =+AT19/AT$23 -> 0.75072745 | AY19: =1+AY18 -> 2024 | BA19: 56.501 | BC19: =+BA19/BA$23 -> 0.61723322 | BU19: 2006 | BV19: 0.98 | BW19: 1.177 | BX19: 1.161 | BY19: =+BV19/BV$40 -> 0.95444216 | BZ19: =+BW19/BW$40 -> 1.1005333 | CA19: =+BX19/BX$40 -> 1.032782 | CC19: 2001 | CD19: 380.51 | CE19: 443.942 | CF19: =+CD19/CD$45 -> 0.98382829 | CG19: =+CE19/CE$45 -> 0.97682194 | CI19: 2001 | CJ19: 7.51125 | CK19: 8.444 | CL19: =+CJ19/CJ$45 -> 0.98676896 | CM19: =+CK19/CK$45 -> 0.99407838 | CO19: 2016 | CP19: 436.31269 | CQ19: 1.11 | CR19: =+CP19/CP$30 -> 1.2315733 | CS19: =+CQ19/CQ$30 -> 1.0413907 | CU19: =+CU18+1 -> 1974 | CX19: 0.63 | DC19: =+CX19/CX$71 -> 0.63090129 | DG19: =+DG18+1 -> 1974 | DH19: 0.075164843 | DK19: =+DH19/DH$71 -> 0.98771095 | DQ19: 2006 | DR19: 7.8315231 | DS19: 7.662971 | DT19: =+DR19/AVERAGE(DR$7:DR$37) -> 1.2067447 | DU19: =+DS19/AVERAGE(DS$7:DS$37) -> 1.1820591
R20: 2000 | S20: 125.9 | T20: 171.51 | U20: =+S20/S$46 -> 0.79633144 | V20: =+T20/T$46 -> 0.98172608 | X20: 2000 | Y20: 2.4731283 | Z20: 4.6591 | AA20: =+Y20/Y$46 -> 0.86801199 | AB20: =+Z20/Z$46 -> 0.66423673 | AD20: 2000 | AE20: 122.7585 | AF20: 121.4987 | AG20: =+AE20/AE$46 -> 1.2089537 | AH20: =+AF20/AF$46 -> 1.2027874 | AK20: =1+AK19 -> 2023 | AM20: 182.35 | AO20: =+AM20/AM$23 -> 0.90433944 | AR20: =1+AR19 -> 2023 | AT20: 5.79 | AV20: =+AT20/AT$23 -> 0.84238603 | BU20: 2007 | BV20: 1.205 | BW20: 1.432 | BX20: 1.304 | BY20: =+BV20/BV$40 -> 1.1735743 | BZ20: =+BW20/BW$40 -> 1.3389666 | CA20: =+BX20/BX$40 -> 1.1599895 | CC20: 2002 | CD20: 364.596 | CE20: 426.307 | CF20: =+CD20/CD$45 -> 0.94268182 | CG20: =+CE20/CE$45 -> 0.938019 | CI20: 2002 | CJ20: 7.09518 | CK20: 7.9873 | CL20: =+CJ20/CJ$45 -> 0.93210896 | CM20: =+CK20/CK$45 -> 0.94031292 | CO20: 2017 | CP20: 323.26293 | CQ20: 0.9 | CR20: =+CP20/CP$30 -> 0.91246941 | CS20: =+CQ20/CQ$30 -> 0.84437086 | CU20: =+CU19+1 -> 1975 | CX20: 0.62 | DC20: =+CX20/CX$71 -> 0.62088698 | DG20: =+DG19+1 -> 1975 | DH20: 0.078718721 | DK20: =+DH20/DH$71 -> 1.034411 | DQ20: 2007 | DR20: 8.2091134 | DS20: 8.098747 | DT20: =+DR20/AVERAGE(DR$7:DR$37) -> 1.2649268 | DU20: =+DS20/AVERAGE(DS$7:DS$37) -> 1.2492801
R21: 2001 | S21: 130.6 | T21: 174.74 | U21: =+S21/S$46 -> 0.82605946 | V21: =+T21/T$46 -> 1.0002147 | X21: 2001 | Y21: 2.7516486 | Z21: 6.0998 | AA21: =+Y21/Y$46 -> 0.96576629 | AB21: =+Z21/Z$46 -> 0.86963388 | AD21: 2001 | AE21: 85.675222 | AF21: 83.6254 | AG21: =+AE21/AE$46 -> 0.84374911 | AH21: =+AF21/AF$46 -> 0.82785723 | AK21: =1+AK20 -> 2024 | AR21: =1+AR20 -> 2024 | BU21: 2008 | BV21: 1.097 | BW21: 1.072 | BX21: 1.206 | BY21: =+BV21/BV$40 -> 1.0683909 | BZ21: =+BW21/BW$40 -> 1.0023549 | CA21: =+BX21/BX$40 -> 1.0728123 | CC21: 2003 | CD21: 320.908 | CE21: 378.933 | CF21: =+CD21/CD$45 -> 0.82972424 | CG21: =+CE21/CE$45 -> 0.83378024 | CI21: 2003 | CJ21: 6.50121 | CK21: 7.3726 | CL21: =+CJ21/CJ$45 -> 0.85407785 | CM21: =+CK21/CK$45 -> 0.86794674 | CO21: 2018 | CP21: 263.4357 | CQ21: 0.96 | CR21: =+CP21/CP$30 -> 0.74359599 | CS21: =+CQ21/CQ$30 -> 0.90066225 | CU21: =+CU20+1 -> 1976 | CV21: 1.11 | CY21: 0.66 | DA21: =+CV21/CV$71 -> 0.87549296 | DD21: =+CY21/CY$71 -> 0.672 | DG21: =+DG20+1 -> 1976 | DH21: 0.075932971 | DK21: =+DH21/DH$71 -> 0.99780461 | DQ21: 2008 | DR21: 8.4154817 | DS21: 8.257424 | DT21: =+DR21/AVERAGE(DR$7:DR$37) -> 1.2967258 | DU21: =+DS21/AVERAGE(DS$7:DS$37) -> 1.273757
R22: 2002 | S22: 107.3 | T22: 143.12 | U22: =+S22/S$46 -> 0.67868438 | V22: =+T22/T$46 -> 0.81922125 | X22: 2002 | Y22: 3.3660225 | Z22: 11.2956 | AA22: =+Y22/Y$46 -> 1.1813976 | AB22: =+Z22/Z$46 -> 1.6103866 | AD22: 2002 | AE22: 128.38171 | AF22: 125.3074 | AG22: =+AE22/AE$46 -> 1.2643324 | AH22: =+AF22/AF$46 -> 1.240492 | BU22: 2009 | BV22: 1.08 | BW22: 1.012 | BX22: 1.059 | BY22: =+BV22/BV$40 -> 1.0518342 | BZ22: =+BW22/BW$40 -> 0.94625294 | CA22: =+BX22/BX$40 -> 0.94204665 | CC22: 2004 | CD22: 312.412 | CE22: 374.988 | CF22: =+CD22/CD$45 -> 0.80775739 | CG22: =+CE22/CE$45 -> 0.82509991 | CI22: 2004 | CJ22: 6.59776 | CK22: 7.4898 | CL22: =+CJ22/CJ$45 -> 0.86676183 | CM22: =+CK22/CK$45 -> 0.88174423 | CO22: 2019 | CP22: 376.81682 | CQ22: 1.35 | CR22: =+CP22/CP$30 -> 1.0636352 | CS22: =+CQ22/CQ$30 -> 1.2665563 | CU22: =+CU21+1 -> 1977 | CV22: 1.26 | CY22: 0.79 | DA22: =+CV22/CV$71 -> 0.99380282 | DD22: =+CY22/CY$71 -> 0.80436364 | DG22: =+DG21+1 -> 1977 | DH22: 0.068159231 | DK22: =+DH22/DH$71 -> 0.89565302 | DQ22: 2009 | DR22: 6.6643838 | DS22: 6.713899 | DT22: =+DR22/AVERAGE(DR$7:DR$37) -> 1.0269024 | DU22: =+DS22/AVERAGE(DS$7:DS$37) -> 1.035659
R23: 2003 | S23: 128.6 | T23: 170.91 | U23: =+S23/S$46 -> 0.81340923 | V23: =+T23/T$46 -> 0.97829167 | X23: 2003 | Y23: 2.8991044 | Z23: 7.076 | AA23: =+Y23/Y$46 -> 1.0175199 | AB23: =+Z23/Z$46 -> 1.0088084 | AD23: 2003 | AE23: 81.829008 | AF23: 80.7836 | AG23: =+AE23/AE$46 -> 0.80587071 | AH23: =+AF23/AF$46 -> 0.79972457 | AL23: =AVERAGE(AL7:AL15) -> 178.93444 | AM23: =AVERAGE(AM7:AM15) -> 201.63889 | AS23: =AVERAGE(AS7:AS15) -> 5.7533333 | AT23: =AVERAGE(AT7:AT15) -> 6.8733333 | AZ23: =AVERAGE(AZ7:AZ13) -> 143.78286 | BA23: =AVERAGE(BA7:BA13) -> 91.539143 | BU23: 2010 | BV23: 1.06 | BW23: 1.191 | BX23: 1.142 | BY23: =+BV23/BV$40 -> 1.0323558 | BZ23: =+BW23/BW$40 -> 1.1136238 | CA23: =+BX23/BX$40 -> 1.0158803 | CC23: 2005 | CD23: 379.162 | CE23: 456.086 | CF23: =+CD23/CD$45 -> 0.98034297 | CG23: =+CE23/CE$45 -> 1.0035428 | CI23: 2005 | CJ23: 7.83856 | CK23: 8.9107 | CL23: =+CJ23/CJ$45 -> 1.0297684 | CM23: =+CK23/CK$45 -> 1.0490211 | CO23: 2020 | CP23: 240.58316 | CQ23: 0.84 | CR23: =+CP23/CP$30 -> 0.67909046 | CS23: =+CQ23/CQ$30 -> 0.78807947 | CU23: =+CU22+1 -> 1978 | CV23: 1.09 | CY23: 0.69 | DA23: =+CV23/CV$71 -> 0.85971831 | DD23: =+CY23/CY$71 -> 0.70254545 | DG23: =+DG22+1 -> 1978 | DH23: 0.068119133 | DK23: =+DH23/DH$71 -> 0.8951261 | DQ23: 2010 | DR23: 5.3863832 | DS23: 5.597206 | DT23: =+DR23/AVERAGE(DR$7:DR$37) -> 0.82997765 | DU23: =+DS23/AVERAGE(DS$7:DS$37) -> 0.86340246
R24: 2004 | S24: 125.6 | T24: 172.18 | U24: =+S24/S$46 -> 0.7944339 | V24: =+T24/T$46 -> 0.98556117 | X24: 2004 | Y24: 2.5645387 | Z24: 5.0777 | AA24: =+Y24/Y$46 -> 0.90009493 | AB24: =+Z24/Z$46 -> 0.72391553 | AD24: 2004 | AE24: 61.264716 | AF24: 60.1142 | AG24: =+AE24/AE$46 -> 0.60334889 | AH24: =+AF24/AF$46 -> 0.59510597 | BU24: 2011 | BV24: 1.038 | BW24: 1.049 | BX24: 1.073 | BY24: =+BV24/BV$40 -> 1.0109296 | BZ24: =+BW24/BW$40 -> 0.98084915 | CA24: =+BX24/BX$40 -> 0.95450053 | CC24: 2006 | CD24: 382.244 | CE24: 454.75 | CF24: =+CD24/CD$45 -> 0.98831164 | CG24: =+CE24/CE$45 -> 1.0006032 | CI24: 2006 | CJ24: 7.85386 | CK24: 8.8583 | CL24: =+CJ24/CJ$45 -> 1.0317784 | CM24: =+CK24/CK$45 -> 1.0428523 | CO24: =+CO23+1 -> 2021 | CQ24: 0.97 | CS24: =+CQ24/CQ$30 -> 0.91004415 | CU24: =+CU23+1 -> 1979 | CV24: 1.21 | CY24: 0.8 | DA24: =+CV24/CV$71 -> 0.9543662 | DD24: =+CY24/CY$71 -> 0.81454545 | DG24: =+DG23+1 -> 1979 | DH24: 0.079214008 | DK24: =+DH24/DH$71 -> 1.0409194 | DQ24: 2011 | DR24: 4.5953536 | DS24: 4.720184 | DT24: =+DR24/AVERAGE(DR$7:DR$37) -> 0.70808939 | DU24: =+DS24/AVERAGE(DS$7:DS$37) -> 0.72811658
R25: 2005 | S25: 131.5 | T25: 170.75 | U25: =+S25/S$46 -> 0.83175206 | V25: =+T25/T$46 -> 0.97737582 | X25: 2005 | Y25: 2.7853871 | Z25: 6.2752 | AA25: =+Y25/Y$46 -> 0.97760775 | AB25: =+Z25/Z$46 -> 0.89464024 | AD25: 2005 | AE25: 84.279493 | AF25: 81.7071 | AG25: =+AE25/AE$46 -> 0.83000365 | AH25: =+AF25/AF$46 -> 0.80886685 | BU25: 2012 | BV25: 0.991 | BW25: 0.954 | BX25: 1.104 | BY25: =+BV25/BV$40 -> 0.96515529 | BZ25: =+BW25/BW$40 -> 0.89202106 | CA25: =+BX25/BX$40 -> 0.98207696 | CC25: 2007 | CD25: 371.557 | CE25: 446.618 | CF25: =+CD25/CD$45 -> 0.96067985 | CG25: =+CE25/CE$45 -> 0.98271004 | CI25: 2007 | CJ25: 7.58056 | CK25: 8.6101 | CL25: =+CJ25/CJ$45 -> 0.99587436 | CM25: =+CK25/CK$45 -> 1.0136327 | CO25: =+CO24+1 -> 2022 | CQ25: 0.86 | CS25: =+CQ25/CQ$30 -> 0.80684327 | CU25: =+CU24+1 -> 1980 | CV25: 1.43 | CY25: 0.8 | DA25: =+CV25/CV$71 -> 1.1278873 | DD25: =+CY25/CY$71 -> 0.81454545 | DG25: =+DG24+1 -> 1980 | DH25: 0.070038221 | DK25: =+DH25/DH$71 -> 0.92034407 | DQ25: 2012 | DR25: 5.0103946 | DS25: 5.159227 | DT25: =+DR25/AVERAGE(DR$7:DR$37) -> 0.77204229 | DU25: =+DS25/AVERAGE(DS$7:DS$37) -> 0.79584158
R26: 2006 | S26: 136.5 | T26: 180.52 | U26: =+S26/S$46 -> 0.86337761 | V26: =+T26/T$46 -> 1.0332995 | X26: 2006 | Y26: 2.8937858 | Z26: 7.0103 | AA26: =+Y26/Y$46 -> 1.0156532 | AB26: =+Z26/Z$46 -> 0.99944169 | AD26: 2006 | AE26: 112.68897 | AF26: 108.5994 | AG26: =+AE26/AE$46 -> 1.1097867 | AH26: =+AF26/AF$46 -> 1.0750896 | BU26: 2013 | BV26: 0.871 | BW26: 0.904 | BX26: 1.269 | BY26: =+BV26/BV$40 -> 0.84828482 | BZ26: =+BW26/BW$40 -> 0.84526943 | CA26: =+BX26/BX$40 -> 1.1288548 | CC26: 2008 | CD26: 359.345 | CE26: 429.935 | CF26: =+CD26/CD$45 -> 0.92910509 | CG26: =+CE26/CE$45 -> 0.94600182 | CI26: 2008 | CJ26: 7.16753 | CK26: 8.1821 | CL26: =+CJ26/CJ$45 -> 0.94161373 | CM26: =+CK26/CK$45 -> 0.96324594 | CO26: =+CO25+1 -> 2023 | CQ26: 0.99 | CS26: =+CQ26/CQ$30 -> 0.92880795 | CU26: =+CU25+1 -> 1981 | CV26: 1.02 | CY26: 0.77 | DA26: =+CV26/CV$71 -> 0.80450704 | DD26: =+CY26/CY$71 -> 0.784 | DG26: =+DG25+1 -> 1981 | DH26: 0.066576859 | DK26: =+DH26/DH$71 -> 0.87485971 | DQ26: 2013 | DR26: 6.4501486 | DS26: 6.5476 | DT26: =+DR26/AVERAGE(DR$7:DR$37) -> 0.99389127 | DU26: =+DS26/AVERAGE(DS$7:DS$37) -> 1.0100064
R27: 2007 | S27: 140.6 | T27: 183.8 | U27: =+S27/S$46 -> 0.88931056 | V27: =+T27/T$46 -> 1.0520742 | X27: 2007 | Y27: 3.1726672 | Z27: 9.3298 | AA27: =+Y27/Y$46 -> 1.1135343 | AB27: =+Z27/Z$46 -> 1.3301272 | AD27: 2007 | AE27: 120.06508 | AF27: 118.5871 | AG27: =+AE27/AE$46 -> 1.1824283 | AH27: =+AF27/AF$46 -> 1.1739638 | BU27: 2014 | BV27: 0.953 | BW27: 0.961 | BX27: 1.304 | BY27: =+BV27/BV$40 -> 0.9281463 | BZ27: =+BW27/BW$40 -> 0.89856628 | CA27: =+BX27/BX$40 -> 1.1599895 | CC27: 2009 | CD27: 393.047 | CE27: 471.769 | CF27: =+CD27/CD$45 -> 1.0162434 | CG27: =+CE27/CE$45 -> 1.0380507 | CI27: 2009 | CJ27: 7.79802 | CK27: 8.9045 | CL27: =+CJ27/CJ$45 -> 1.0244425 | CM27: =+CK27/CK$45 -> 1.0482912 | CO27: =+CO26+1 -> 2024 | CQ27: 0.93 | CS27: =+CQ27/CQ$30 -> 0.87251656 | CU27: =+CU26+1 -> 1982 | CV27: 0.91 | CY27: 0.88 | DA27: =+CV27/CV$71 -> 0.71774648 | DD27: =+CY27/CY$71 -> 0.896 | DG27: =+DG26+1 -> 1982 | DH27: 0.066675724 | DK27: =+DH27/DH$71 -> 0.87615886 | DQ27: 2014 | DR27: 5.1642474 | DS27: 5.25393 | DT27: =+DR27/AVERAGE(DR$7:DR$37) -> 0.79574917 | DU27: =+DS27/AVERAGE(DS$7:DS$37) -> 0.81045009
R28: 2008 | S28: 134 | T28: 171.93 | U28: =+S28/S$46 -> 0.84756483 | V28: =+T28/T$46 -> 0.98413016 | X28: 2008 | Y28: 3.0964095 | Z28: 8.6974 | AA28: =+Y28/Y$46 -> 1.0867695 | AB28: =+Z28/Z$46 -> 1.2399675 | AD28: 2008 | AE28: 152.83731 | AF28: 153.3728 | AG28: =+AE28/AE$46 -> 1.5051767 | AH28: =+AF28/AF$46 -> 1.5183279 | BU28: 2015 | BV28: 1.12 | BW28: 1.017 | BX28: 1.356 | BY28: =+BV28/BV$40 -> 1.090791 | BZ28: =+BW28/BW$40 -> 0.95092811 | CA28: =+BX28/BX$40 -> 1.2062467 | CC28: 2010 | CD28: 381.832 | CE28: 462.909 | CF28: =+CD28/CD$45 -> 0.98724639 | CG28: =+CE28/CE$45 -> 1.0185557 | CI28: 2010 | CJ28: 7.8418 | CK28: 9.0088 | CL28: =+CJ28/CJ$45 -> 1.030194 | CM28: =+CK28/CK$45 -> 1.06057 | CU28: =+CU27+1 -> 1983 | CV28: 0.89 | CY28: 0.76 | DA28: =+CV28/CV$71 -> 0.70197183 | DD28: =+CY28/CY$71 -> 0.77381818 | DG28: =+DG27+1 -> 1983 | DH28: 0.080338266 | DK28: =+DH28/DH$71 -> 1.0556928 | DQ28: 2015 | DR28: 6.0779396 | DS28: 6.143891 | DT28: =+DR28/AVERAGE(DR$7:DR$37) -> 0.93653829 | DU28: =+DS28/AVERAGE(DS$7:DS$37) -> 0.94773189
R29: 2009 | S29: 121.9 | T29: 159.22 | U29: =+S29/S$46 -> 0.77103099 | V29: =+T29/T$46 -> 0.91137791 | X29: 2009 | Y29: 2.5369543 | Z29: 4.9981 | AA29: =+Y29/Y$46 -> 0.89041345 | AB29: =+Z29/Z$46 -> 0.71256715 | AD29: 2009 | AE29: 98.095062 | AF29: 99.0274 | AG29: =+AE29/AE$46 -> 0.96606252 | AH29: =+AF29/AF$46 -> 0.98033073 | BU29: 2016 | BV29: 0.993 | BW29: 0.997 | BX29: 1.244 | BY29: =+BV29/BV$40 -> 0.96710313 | BZ29: =+BW29/BW$40 -> 0.93222746 | CA29: =+BX29/BX$40 -> 1.1066157 | CC29: 2011 | CD29: 369.94 | CE29: 447.826 | CF29: =+CD29/CD$45 -> 0.95649901 | CG29: =+CE29/CE$45 -> 0.98536804 | CI29: 2011 | CJ29: 7.53339 | CK29: 8.6811 | CL29: =+CJ29/CJ$45 -> 0.98967754 | CM29: =+CK29/CK$45 -> 1.0219912 | CU29: =+CU28+1 -> 1984 | CV29: 1.21 | CY29: 1.1 | DA29: =+CV29/CV$71 -> 0.9543662 | DD29: =+CY29/CY$71 -> 1.12 | DG29: =+DG28+1 -> 1984 | DH29: 0.088079336 | DK29: =+DH29/DH$71 -> 1.1574151 | DQ29: 2016 | DR29: 5.5996064 | DS29: 5.623892 | DT29: =+DR29/AVERAGE(DR$7:DR$37) -> 0.86283282 | DU29: =+DS29/AVERAGE(DS$7:DS$37) -> 0.86751893
R30: 2010 | S30: 141.4 | T30: 178.51 | U30: =+S30/S$46 -> 0.89437065 | V30: =+T30/T$46 -> 1.0217942 | X30: 2010 | Y30: 2.6394083 | Z30: 5.5176 | AA30: =+Y30/Y$46 -> 0.92637249 | AB30: =+Z30/Z$46 -> 0.78663102 | AD30: 2010 | AE30: 106.68431 | AF30: 106.1998 | AG30: =+AE30/AE$46 -> 1.0506513 | AH30: =+AF30/AF$46 -> 1.0513346 | BU30: 2017 | BV30: 0.793 | BW30: 0.807 | BX30: 1.173 | BY30: =+BV30/BV$40 -> 0.77231901 | BZ30: =+BW30/BW$40 -> 0.75457127 | CA30: =+BX30/BX$40 -> 1.0434568 | CC30: 2012 | CD30: 394.411 | CE30: 480.043 | CF30: =+CD30/CD$45 -> 1.01977 | CG30: =+CE30/CE$45 -> 1.0562563 | CI30: 2012 | CJ30: 7.99881 | CK30: 9.2304 | CL30: =+CJ30/CJ$45 -> 1.0508208 | CM30: =+CK30/CK$45 -> 1.0866581 | CP30: =+AVERAGE(CP7:CP23) -> 354.27262 | CQ30: =+AVERAGE(CQ7:CQ23) -> 1.0658824 | CU30: =+CU29+1 -> 1985 | CV30: 1.61 | CY30: 1.5 | DA30: =+CV30/CV$71 -> 1.2698592 | DD30: =+CY30/CY$71 -> 1.5272727 | DG30: =+DG29+1 -> 1985 | DH30: 0.07743682 | DK30: =+DH30/DH$71 -> 1.0175661 | DQ30: 2017 | DR30: 5.1546113 | DS30: 5.249965 | DT30: =+DR30/AVERAGE(DR$7:DR$37) -> 0.79426436 | DU30: =+DS30/AVERAGE(DS$7:DS$37) -> 0.80983846
R31: 2011 | S31: 116.3 | T31: 149.11 | U31: =+S31/S$46 -> 0.73561037 | V31: =+T31/T$46 -> 0.85350811 | X31: 2011 | Y31: 2.7650486 | Z31: 6.2457 | AA31: =+Y31/Y$46 -> 0.97046938 | AB31: =+Z31/Z$46 -> 0.8904345 | AD31: 2011 | AE31: 102.67522 | AF31: 101.9984 | AG31: =+AE31/AE$46 -> 1.0111689 | AH31: =+AF31/AF$46 -> 1.0097424 | BU31: 2018 | BV31: 0.877 | BW31: 0.927 | BX31: 1.172 | BY31: =+BV31/BV$40 -> 0.85412834 | BZ31: =+BW31/BW$40 -> 0.86677518 | CA31: =+BX31/BX$40 -> 1.0425672 | CC31: 2013 | CD31: 397.743 | CE31: 482.107 | CF31: =+CD31/CD$45 -> 1.0283851 | CG31: =+CE31/CE$45 -> 1.0607978 | CI31: 2013 | CJ31: 7.87743 | CK31: 9.0305 | CL31: =+CJ31/CJ$45 -> 1.0348748 | CM31: =+CK31/CK$45 -> 1.0631247 | CU31: =+CU30+1 -> 1986 | CV31: 1.21 | CY31: 1 | DA31: =+CV31/CV$71 -> 0.9543662 | DD31: =+CY31/CY$71 -> 1.0181818 | DG31: =+DG30+1 -> 1986 | DH31: 0.070361952 | DK31: =+DH31/DH$71 -> 0.9245981 | DQ31: 2018 | DR31: 6.3867323 | DS31: 6.486949 | DT31: =+DR31/AVERAGE(DR$7:DR$37) -> 0.98411957 | DU31: =+DS31/AVERAGE(DS$7:DS$37) -> 1.0006506
R32: 2012 | S32: 106.5 | T32: 137.98 | U32: =+S32/S$46 -> 0.67362429 | V32: =+T32/T$46 -> 0.7897998 | X32: 2012 | Y32: 3.0661729 | Z32: 8.5124 | AA32: =+Y32/Y$46 -> 1.0761572 | AB32: =+Z32/Z$46 -> 1.2135925 | AD32: 2012 | AE32: 131.74843 | AF32: 135.0474 | AG32: =+AE32/AE$46 -> 1.2974886 | AH32: =+AF32/AF$46 -> 1.336914 | BU32: 2019 | BV32: 0.684 | BW32: 0.803 | BX32: 1.026 | BY32: =+BV32/BV$40 -> 0.66616167 | BZ32: =+BW32/BW$40 -> 0.75083114 | CA32: =+BX32/BX$40 -> 0.91269109 | CC32: 2014 | CD32: 416.847 | CE32: 509.829 | CF32: =+CD32/CD$45 -> 1.0777795 | CG32: =+CE32/CE$45 -> 1.1217955 | CI32: 2014 | CJ32: 7.88971 | CK32: 9.1165 | CL32: =+CJ32/CJ$45 -> 1.0364881 | CM32: =+CK32/CK$45 -> 1.0732491 | CU32: =+CU31+1 -> 1987 | CV32: 2.01 | CY32: 1.5 | DA32: =+CV32/CV$71 -> 1.5853521 | DD32: =+CY32/CY$71 -> 1.5272727 | DG32: =+DG31+1 -> 1987 | DH32: 0.073649738 | DK32: =+DH32/DH$71 -> 0.96780157 | DQ32: 2019 | DR32: 5.1978342 | DS32: 5.297279 | DT32: =+DR32/AVERAGE(DR$7:DR$37) -> 0.8009245 | DU32: =+DS32/AVERAGE(DS$7:DS$37) -> 0.81713693
R33: 2013 | S33: 167.9 | T33: 217.8 | U33: =+S33/S$46 -> 1.0619861 | V33: =+T33/T$46 -> 1.2466908 | X33: 2013 | Y33: 2.8232576 | Z33: 6.6513 | AA33: =+Y33/Y$46 -> 0.99089941 | AB33: =+Z33/Z$46 -> 0.94825992 | AD33: 2013 | AE33: 88.379048 | AF33: 89.2538 | AG33: =+AE33/AE$46 -> 0.870377 | AH33: =+AF33/AF$46 -> 0.88357609 | BU33: 2020 | BV33: 0.628 | BW33: 0.645 | BX33: 0.901 | BY33: =+BV33/BV$40 -> 0.61162212 | BZ33: =+BW33/BW$40 -> 0.603096 | CA33: =+BX33/BX$40 -> 0.80149578 | CC33: 2015 | CD33: 450.238 | CE33: 548.321 | CF33: =+CD33/CD$45 -> 1.1641136 | CG33: =+CE33/CE$45 -> 1.2064909 | CI33: 2015 | CJ33: 8.67378 | CK33: 9.9363 | CL33: =+CJ33/CJ$45 -> 1.139493 | CM33: =+CK33/CK$45 -> 1.1697609 | CU33: =+CU32+1 -> 1988 | CV33: 1.6 | CY33: 1.3 | DA33: =+CV33/CV$71 -> 1.2619718 | DD33: =+CY33/CY$71 -> 1.3236364 | DG33: =+DG32+1 -> 1988 | DH33: 0.092280103 | DK33: =+DH33/DH$71 -> 1.2126157 | DQ33: 2020 | DR33: 5.1558842 | DS33: 5.318477 | DT33: =+DR33/AVERAGE(DR$7:DR$37) -> 0.7944605 | DU33: =+DS33/AVERAGE(DS$7:DS$37) -> 0.82040685
R34: 2014 | S34: 128.4 | T34: 171.6 | U34: =+S34/S$46 -> 0.81214421 | V34: =+T34/T$46 -> 0.98224124 | X34: 2014 | Y34: 2.8517456 | Z34: 6.8519 | AA34: =+Y34/Y$46 -> 1.0008981 | AB34: =+Z34/Z$46 -> 0.97685898 | AD34: 2014 | AE34: 95.170864 | AF34: 96.4352 | AG34: =+AE34/AE$46 -> 0.93726436 | AH34: =+AF34/AF$46 -> 0.95466901 | BU34: 2021 | BW34: 0.796 | BX34: 0.842 | BZ34: =+BW34/BW$40 -> 0.74428591 | CA34: =+BX34/BX$40 -> 0.7490116 | CC34: 2016 | CD34: 491.217 | CE34: 601.629 | CF34: =+CD34/CD$45 -> 1.270067 | CG34: =+CE34/CE$45 -> 1.3237865 | CI34: 2016 | CJ34: 9.24617 | CK34: 10.5943 | CL34: =+CJ34/CJ$45 -> 1.2146891 | CM34: =+CK34/CK$45 -> 1.2472246 | CU34: =+CU33+1 -> 1989 | CV34: 1.19 | CY34: 1.2 | DA34: =+CV34/CV$71 -> 0.93859155 | DD34: =+CY34/CY$71 -> 1.2218182 | DG34: =+DG33+1 -> 1989 | DH34: 0.093064833 | DK34: =+DH34/DH$71 -> 1.2229275 | DQ34: 2021 | DR34: 5.4082688 | DS34: 5.524823 | DT34: =+DR34/AVERAGE(DR$7:DR$37) -> 0.83334997 | DU34: =+DS34/AVERAGE(DS$7:DS$37) -> 0.85223695
R35: 2015 | S35: 115.7 | T35: 148.27 | U35: =+S35/S$46 -> 0.73181531 | V35: =+T35/T$46 -> 0.84869993 | X35: 2015 | Y35: 2.8530836 | Z35: 6.8243 | AA35: =+Y35/Y$46 -> 1.0013677 | AB35: =+Z35/Z$46 -> 0.97292411 | AD35: 2015 | AE35: 86.04972 | AF35: 86.1278 | AG35: =+AE35/AE$46 -> 0.84743725 | AH35: =+AF35/AF$46 -> 0.85262997 | BU35: 2022 | BW35: 0.826 | BX35: 0.856 | BZ35: =+BW35/BW$40 -> 0.77233689 | CA35: =+BX35/BX$40 -> 0.76146547 | CC35: 2017 | CD35: 479.27 | CE35: 590.584 | CF35: =+CD35/CD$45 -> 1.2391774 | CG35: =+CE35/CE$45 -> 1.2994837 | CI35: 2017 | CJ35: 9.05783 | CK35: 10.4672 | CL35: =+CJ35/CJ$45 -> 1.1899465 | CM35: =+CK35/CK$45 -> 1.2322616 | CU35: =+CU34+1 -> 1990 | CV35: 1.75 | CZ35: 1.3 | DA35: =+CV35/CV$71 -> 1.3802817 | DE35: =+CZ35/CZ$71 -> 1.3840694 | DG35: =+DG34+1 -> 1990 | DH35: 0.07659271 | DK35: =+DH35/DH$71 -> 1.006474 | DQ35: 2022 | DR35: 6.0171016 | DS35: 6.113917 | DT35: =+DR35/AVERAGE(DR$7:DR$37) -> 0.92716386 | DU35: =+DS35/AVERAGE(DS$7:DS$37) -> 0.94310822
R36: 2016 | S36: 125.5 | T36: 165.22 | U36: =+S36/S$46 -> 0.79380139 | V36: =+T36/T$46 -> 0.94572201 | X36: 2016 | Y36: 2.8625357 | Z36: 6.8735 | AA36: =+Y36/Y$46 -> 1.0046851 | AB36: =+Z36/Z$46 -> 0.97993844 | AD36: 2016 | AE36: 70.787764 | AF36: 70.5992 | AG36: =+AE36/AE$46 -> 0.69713403 | AH36: =+AF36/AF$46 -> 0.69890318 | BU36: 2023 | BW36: 0.815 | BX36: 0.826 | BZ36: =+BW36/BW$40 -> 0.76205153 | CA36: =+BX36/BX$40 -> 0.7347786 | CC36: 2018 | CD36: 421.234 | CE36: 521.235 | CF36: =+CD36/CD$45 -> 1.0891223 | CG36: =+CE36/CE$45 -> 1.1468926 | CI36: 2018 | CJ36: 7.97747 | CK36: 9.3323 | CL36: =+CJ36/CJ$45 -> 1.0480173 | CM36: =+CK36/CK$45 -> 1.0986544 | CU36: =+CU35+1 -> 1991 | CV36: 0.81 | CZ36: 2 | DA36: =+CV36/CV$71 -> 0.63887324 | DE36: =+CZ36/CZ$71 -> 2.1293375 | DG36: =+DG35+1 -> 1991 | DQ36: 2023 | DR36: 7.3382241 | DS36: 7.343527 | DT36: =+DR36/AVERAGE(DR$7:DR$37) -> 1.1307331 | DU36: =+DS36/AVERAGE(DS$7:DS$37) -> 1.1327829
R37: 2017 | S37: 70.7 | T37: 108.6 | U37: =+S37/S$46 -> 0.44718533 | V37: =+T37/T$46 -> 0.6216282 | X37: 2017 | Y37: 2.7949918 | Z37: 6.4326 | AA37: =+Y37/Y$46 -> 0.98097878 | AB37: =+Z37/Z$46 -> 0.91708038 | AD37: 2017 | AE37: 122.0976 | AF37: 124.6284 | AG37: =+AE37/AE$46 -> 1.202445 | AH37: =+AF37/AF$46 -> 1.2337701 | BU37: 2024 | BW37: 0.635 | BX37: 0.588 | BZ37: =+BW37/BW$40 -> 0.59374567 | CA37: =+BX37/BX$40 -> 0.52306273 | CC37: 2019 | CD37: 419.139 | CE37: 523.184 | CF37: =+CD37/CD$45 -> 1.0837056 | CG37: =+CE37/CE$45 -> 1.151181 | CI37: 2019 | CJ37: 8.14614 | CK37: 9.7132 | CL37: =+CJ37/CJ$45 -> 1.0701758 | CM37: =+CK37/CK$45 -> 1.1434962 | CU37: =+CU36+1 -> 1992 | CV37: 0.74 | CZ37: 2.1 | DA37: =+CV37/CV$71 -> 0.58366197 | DE37: =+CZ37/CZ$71 -> 2.2358044 | DG37: =+DG36+1 -> 1992 | DQ37: 2024 | DR37: 6.5342982 | DS37: 6.588863 | DT37: =+DR37/AVERAGE(DR$7:DR$37) -> 1.0068577 | DU37: =+DS37/AVERAGE(DS$7:DS$37) -> 1.0163715
R38: 2018 | S38: 84.3 | T38: 123.62 | U38: =+S38/S$46 -> 0.53320683 | V38: =+T38/T$46 -> 0.70760292 | X38: 2018 | Y38: 2.5738436 | Z38: 5.1405 | AA38: =+Y38/Y$46 -> 0.90336076 | AB38: =+Z38/Z$46 -> 0.73286878 | AD38: 2018 | AE38: 106.26878 | AF38: 106.9404 | AG38: =+AE38/AE$46 -> 1.0465591 | AH38: =+AF38/AF$46 -> 1.0586662 | CC38: 2020 | CE38: 445.377 | CG38: =+CE38/CE$45 -> 0.97997942 | CI38: 2020 | CK38: 8.4941 | CM38: =+CK38/CK$45 -> 0.99997645 | CU38: =+CU37+1 -> 1993 | CV38: 0.8 | CZ38: 1.5 | DA38: =+CV38/CV$71 -> 0.63098592 | DE38: =+CZ38/CZ$71 -> 1.5970032 | DG38: =+DG37+1 -> 1993
R39: 2019 | T39: 128.25 | V39: =+T39/T$46 -> 0.73410512 | X39: 2019 | Z39: 4.7872 | AB39: =+Z39/Z$46 -> 0.68249964 | AD39: 2019 | AF39: 79.2055 | AH39: =+AF39/AF$46 -> 0.78410203 | CC39: 2021 | CE39: 495.519 | CG39: =+CE39/CE$45 -> 1.0903087 | CI39: 2021 | CK39: 9.2329 | CM39: =+CK39/CK$45 -> 1.0869524 | CU39: =+CU38+1 -> 1994 | CW39: 0.68 | CZ39: 1.6 | DB39: =+CW39/CW$71 -> 1.2397029 | DE39: =+CZ39/CZ$71 -> 1.70347 | DG39: =+DG38+1 -> 1994 | DJ39: 0.58632003 | DM39: =+DJ39/DJ$71 -> 2.9475922
R40: 2020 | T40: 138.79 | V40: =+T40/T$46 -> 0.79443626 | X40: 2020 | Z40: 5.1363 | AB40: =+Z40/Z$46 -> 0.73226999 | AD40: 2020 | AF40: 77.893 | AH40: =+AF40/AF$46 -> 0.77110882 | BV40: =+AVERAGE(BV7:BV33) -> 1.0267778 | BW40: =+AVERAGE(BW7:BW33) -> 1.0694815 | BX40: =+AVERAGE(BX7:BX33) -> 1.1241481 | CC40: 2022 | CE40: 460.06 | CG40: =+CE40/CE$45 -> 1.012287 | CI40: 2022 | CK40: 8.7982 | CM40: =+CK40/CK$45 -> 1.0357769 | CU40: =+CU39+1 -> 1995 | CW40: 0.58 | CZ40: 1.2 | DB40: =+CW40/CW$71 -> 1.0573937 | DE40: =+CZ40/CZ$71 -> 1.2776025 | DG40: =+DG39+1 -> 1995 | DJ40: 0.39702097 | DM40: =+DJ40/DJ$71 -> 1.9959337
R41: 2021 | T41: 143.04 | V41: =+T41/T$46 -> 0.81876333 | X41: 2021 | Z41: 6.6537 | AB41: =+Z41/Z$46 -> 0.94860208 | AD41: 2021 | AF41: 93.605 | AH41: =+AF41/AF$46 -> 0.92665119 | CC41: 2023 | CE41: 555.364 | CG41: =+CE41/CE$45 -> 1.2219879 | CI41: 2023 | CK41: 10.79 | CM41: =+CK41/CK$45 -> 1.2702636 | CU41: =+CU40+1 -> 1996 | CW41: 0.56 | CZ41: 1.2 | DB41: =+CW41/CW$71 -> 1.0209318 | DE41: =+CZ41/CZ$71 -> 1.2776025 | DG41: =+DG40+1 -> 1996 | DJ41: 0.43723129 | DM41: =+DJ41/DJ$71 -> 2.1980821
R42: 2022 | T42: 91.21 | V42: =+T42/T$46 -> 0.52208755 | X42: 2022 | Z42: 6.1155 | AB42: =+Z42/Z$46 -> 0.87187219 | AD42: 2022 | AF42: 91.8761 | AH42: =+AF42/AF$46 -> 0.90953578 | CC42: 2024 | CE42: 513.753 | CG42: =+CE42/CE$45 -> 1.1304297 | CI42: 2024 | CK42: 9.7361 | CM42: =+CK42/CK$45 -> 1.1461922 | CU42: =+CU41+1 -> 1997 | CW42: 0.47 | CZ42: 1.3 | DB42: =+CW42/CW$71 -> 0.85685348 | DE42: =+CZ42/CZ$71 -> 1.3840694 | DG42: =+DG41+1 -> 1997 | DJ42: 0.27092018 | DM42: =+DJ42/DJ$71 -> 1.3619903
R43: 2023 | T43: 110.74 | V43: =+T43/T$46 -> 0.63387759 | X43: 2023 | Z43: 6.0801 | AB43: =+Z43/Z$46 -> 0.8668253 | AD43: 2023 | AF43: 99.3975 | AH43: =+AF43/AF$46 -> 0.98399457 | CU43: =+CU42+1 -> 1998 | CW43: 0.46 | CZ43: 1.2 | DB43: =+CW43/CW$71 -> 0.83862255 | DE43: =+CZ43/CZ$71 -> 1.2776025 | DG43: =+DG42+1 -> 1998 | DI43: 0.14922495 | DJ43: 0.20128196 | DL43: =+DI43/DI$71 -> 1.7642403 | DM43: =+DJ43/DJ$71 -> 1.0118998
R44: 2024 | T44: 118.74 | V44: =+T44/T$46 -> 0.67966972 | X44: 2024 | Z44: 6.7824 | AB44: =+Z44/Z$46 -> 0.96695053 | AD44: 2024 | AF44: 72.807 | AH44: =+AF44/AF$46 -> 0.7207595 | CU44: =+CU43+1 -> 1999 | CW44: 0.47 | CZ44: 1.1 | DB44: =+CW44/CW$71 -> 0.85685348 | DE44: =+CZ44/CZ$71 -> 1.1711356 | DG44: =+DG43+1 -> 1999 | DI44: 0.10267445 | DJ44: 0.18563456 | DL44: =+DI44/DI$71 -> 1.2138882 | DM44: =+DJ44/DJ$71 -> 0.93323604
CD45: =+AVERAGE(CD7:CD37) -> 386.76465 | CE45: =+AVERAGE(CE7:CE37) -> 454.47587 | CJ45: =+AVERAGE(CJ7:CJ37) -> 7.6119642 | CK45: =+AVERAGE(CK7:CK37) -> 8.4943 | CU45: =+CU44+1 -> 2000 | CW45: 0.45 | CZ45: 1.2 | DB45: =+CW45/CW$71 -> 0.82039163 | DE45: =+CZ45/CZ$71 -> 1.2776025 | DG45: =+DG44+1 -> 2000 | DI45: 0.12554341 | DJ45: 0.22571988 | DL45: =+DI45/DI$71 -> 1.4842608 | DM45: =+DJ45/DJ$71 -> 1.134756
S46: =+AVERAGE(S7:S38) -> 158.1 | T46: =+AVERAGE(T7:T38) -> 174.7025 | Y46: =+AVERAGE(Y7:Y38) -> 2.8491869 | Z46: =+AVERAGE(Z7:Z38) -> 7.0142161 | AE46: =+AVERAGE(AE7:AE38) -> 101.54111 | AF46: =+AVERAGE(AF7:AF38) -> 101.01428 | CU46: =+CU45+1 -> 2001 | CW46: 0.46 | CZ46: 1 | DB46: =+CW46/CW$71 -> 0.83862255 | DE46: =+CZ46/CZ$71 -> 1.0646688 | DG46: =+DG45+1 -> 2001 | DI46: 0.10101834 | DJ46: 0.18706224 | DL46: =+DI46/DI$71 -> 1.1943086 | DM46: =+DJ46/DJ$71 -> 0.94041336
CU47: =+CU46+1 -> 2002 | CW47: 0.48 | CZ47: 0.96 | DB47: =+CW47/CW$71 -> 0.8750844 | DE47: =+CZ47/CZ$71 -> 1.022082 | DG47: =+DG46+1 -> 2002 | DI47: 0.1011302 | DJ47: 0.19299241 | DL47: =+DI47/DI$71 -> 1.1956311 | DM47: =+DJ47/DJ$71 -> 0.97022598
CU48: =+CU47+1 -> 2003 | CW48: 0.39 | CZ48: 0.63 | DB48: =+CW48/CW$71 -> 0.71100608 | DE48: =+CZ48/CZ$71 -> 0.67074132 | DG48: =+DG47+1 -> 2003 | DI48: 0.098715106 | DJ48: 0.17051733 | DL48: =+DI48/DI$71 -> 1.1670781 | DM48: =+DJ48/DJ$71 -> 0.85723754
CU49: =+CU48+1 -> 2004 | CW49: 0.37 | CZ49: 0.62 | DB49: =+CW49/CW$71 -> 0.67454423 | DE49: =+CZ49/CZ$71 -> 0.66009464 | DG49: =+DG48+1 -> 2004 | DI49: 0.074669205 | DJ49: 0.13814888 | DL49: =+DI49/DI$71 -> 0.8827909 | DM49: =+DJ49/DJ$71 -> 0.69451243
BI50: split point is because of change of mean weight | BR50: mid 1990s logbook | CU50: =+CU49+1 -> 2005 | CW50: 0.48 | CZ50: 0.74 | DB50: =+CW50/CW$71 -> 0.8750844 | DE50: =+CZ50/CZ$71 -> 0.78785489 | DG50: =+DG49+1 -> 2005 | DI50: 0.070546431 | DJ50: 0.13632626 | DL50: =+DI50/DI$71 -> 0.83404862 | DM50: =+DJ50/DJ$71 -> 0.68534963
BR51: suggest to use new index after 1998 | CU51: =+CU50+1 -> 2006 | CW51: 0.72 | CZ51: 1.3 | DB51: =+CW51/CW$71 -> 1.3126266 | DE51: =+CZ51/CZ$71 -> 1.3840694 | DG51: =+DG50+1 -> 2006 | DI51: 0.10099031 | DJ51: 0.31501877 | DL51: =+DI51/DI$71 -> 1.1939772 | DM51: =+DJ51/DJ$71 -> 1.5836861
BR52: because of limited dataset in 1994-1997 | CU52: =+CU51+1 -> 2007 | CW52: 0.65 | CZ52: 1 | DB52: =+CW52/CW$71 -> 1.1850101 | DE52: =+CZ52/CZ$71 -> 1.0646688 | DG52: =+DG51+1 -> 2007 | DI52: 0.078502239 | DJ52: 0.21815638 | DL52: =+DI52/DI$71 -> 0.92810767 | DM52: =+DJ52/DJ$71 -> 1.0967322
CU53: =+CU52+1 -> 2008 | CW53: 0.59 | CZ53: 0.82 | DB53: =+CW53/CW$71 -> 1.0756246 | DE53: =+CZ53/CZ$71 -> 0.87302839 | DG53: =+DG52+1 -> 2008 | DI53: 0.092869383 | DJ53: 0.29318321 | DL53: =+DI53/DI$71 -> 1.097966 | DM53: =+DJ53/DJ$71 -> 1.4739127
CU54: =+CU53+1 -> 2009 | CW54: 0.49 | CZ54: 0.64 | DB54: =+CW54/CW$71 -> 0.89331533 | DE54: =+CZ54/CZ$71 -> 0.68138801 | DG54: =+DG53+1 -> 2009 | DI54: 0.075849819 | DJ54: 0.22203796 | DL54: =+DI54/DI$71 -> 0.89674893 | DM54: =+DJ54/DJ$71 -> 1.1162459
CU55: =+CU54+1 -> 2010 | CW55: 0.55 | CZ55: 0.84 | DB55: =+CW55/CW$71 -> 1.0027009 | DE55: =+CZ55/CZ$71 -> 0.89432177 | DG55: =+DG54+1 -> 2010 | DI55: 0.062553522 | DJ55: 0.15449134 | DL55: =+DI55/DI$71 -> 0.73955093 | DM55: =+DJ55/DJ$71 -> 0.77667047
CU56: =+CU55+1 -> 2011 | CW56: 0.34 | CZ56: 0.58 | DB56: =+CW56/CW$71 -> 0.61985145 | DE56: =+CZ56/CZ$71 -> 0.61750789 | DG56: =+DG55+1 -> 2011 | DI56: 0.066636751 | DJ56: 0.15193976 | DL56: =+DI56/DI$71 -> 0.78782568 | DM56: =+DJ56/DJ$71 -> 0.76384301
CU57: =+CU56+1 -> 2012 | CW57: 0.45 | CZ57: 0.67 | DB57: =+CW57/CW$71 -> 0.82039163 | DE57: =+CZ57/CZ$71 -> 0.71332808 | DG57: =+DG56+1 -> 2012 | DI57: 0.065112158 | DJ57: 0.16068141 | DL57: =+DI57/DI$71 -> 0.76980088 | DM57: =+DJ57/DJ$71 -> 0.80778969
CU58: =+CU57+1 -> 2013 | CW58: 0.48 | CZ58: 0.75 | DB58: =+CW58/CW$71 -> 0.8750844 | DE58: =+CZ58/CZ$71 -> 0.79850158 | DG58: =+DG57+1 -> 2013 | DI58: 0.089232945 | DJ58: 0.22246192 | DL58: =+DI58/DI$71 -> 1.0549735 | DM58: =+DJ58/DJ$71 -> 1.1183773
CU59: =+CU58+1 -> 2014 | CW59: 0.6 | CZ59: 0.84 | DB59: =+CW59/CW$71 -> 1.0938555 | DE59: =+CZ59/CZ$71 -> 0.89432177 | DG59: =+DG58+1 -> 2014 | DI59: 0.072176906 | DJ59: 0.16892338 | DL59: =+DI59/DI$71 -> 0.85332521 | DM59: =+DJ59/DJ$71 -> 0.84922435
CU60: =+CU59+1 -> 2015 | CW60: 0.58 | CZ60: 1.1 | DB60: =+CW60/CW$71 -> 1.0573937 | DE60: =+CZ60/CZ$71 -> 1.1711356 | DG60: =+DG59+1 -> 2015 | DI60: 0.075122236 | DJ60: 0.20969281 | DL60: =+DI60/DI$71 -> 0.88814694 | DM60: =+DJ60/DJ$71 -> 1.0541835
CU61: =+CU60+1 -> 2016 | CW61: 0.63 | CZ61: 0.99 | DB61: =+CW61/CW$71 -> 1.1485483 | DE61: =+CZ61/CZ$71 -> 1.0540221 | DG61: =+DG60+1 -> 2016 | DI61: 0.077619735 | DJ61: 0.21128443 | DL61: =+DI61/DI$71 -> 0.9176741 | DM61: =+DJ61/DJ$71 -> 1.062185
CU62: =+CU61+1 -> 2017 | CW62: 0.72 | CZ62: 0.92 | DB62: =+CW62/CW$71 -> 1.3126266 | DE62: =+CZ62/CZ$71 -> 0.97949527 | DG62: =+DG61+1 -> 2017 | DI62: 0.071662089 | DJ62: 0.18151495 | DL62: =+DI62/DI$71 -> 0.84723869 | DM62: =+DJ62/DJ$71 -> 0.91252564
CU63: =+CU62+1 -> 2018 | CW63: 0.67 | CZ63: 0.58 | DB63: =+CW63/CW$71 -> 1.221472 | DE63: =+CZ63/CZ$71 -> 0.61750789 | DG63: =+DG62+1 -> 2018 | DI63: 0.063007316 | DJ63: 0.21079967 | DL63: =+DI63/DI$71 -> 0.744916 | DM63: =+DJ63/DJ$71 -> 1.059748
CU64: =+CU63+1 -> 2019 | CW64: 0.71 | CZ64: 0.72 | DB64: =+CW64/CW$71 -> 1.2943957 | DE64: =+CZ64/CZ$71 -> 0.76656151 | DG64: =+DG63+1 -> 2019 | DI64: 0.060309158 | DJ64: 0.17868312 | DL64: =+DI64/DI$71 -> 0.71301651 | DM64: =+DJ64/DJ$71 -> 0.89828924
CU65: =+CU64+1 -> 2020 | CW65: 0.78 | CZ65: 0.86 | DB65: =+CW65/CW$71 -> 1.4220122 | DE65: =+CZ65/CZ$71 -> 0.91561514 | DG65: =+DG64+1 -> 2020 | DI65: 0.070245012 | DJ65: 0.23849027 | DL65: =+DI65/DI$71 -> 0.83048503 | DM65: =+DJ65/DJ$71 -> 1.1989562
CU66: =+CU65+1 -> 2021 | CZ66: 0.62 | DE66: =+CZ66/CZ$71 -> 0.66009464 | DG66: =+DG65+1 -> 2021 | DJ66: 0.37496517 | DM66: =+DJ66/DJ$71 -> 1.8850531
CU67: =+CU66+1 -> 2022 | CZ67: 0.54 | DE67: =+CZ67/CZ$71 -> 0.57492114 | DG67: =+DG66+1 -> 2022 | DJ67: 0.33888995 | DM67: =+DJ67/DJ$71 -> 1.7036931
CU68: =+CU67+1 -> 2023 | CZ68: 0.93 | DE68: =+CZ68/CZ$71 -> 0.99014196 | DG68: =+DG67+1 -> 2023 | DJ68: 0.30117701 | DM68: =+DJ68/DJ$71 -> 1.5140997
CU69: =+CU68+1 -> 2024 | CZ69: 1.1 | DE69: =+CZ69/CZ$71 -> 1.1711356 | DG69: =+DG68+1 -> 2024 | DJ69: 0.3332063 | DM69: =+DJ69/DJ$71 -> 1.6751198
CU71: ave | CV71: =+AVERAGE(CV21:CV34) -> 1.2678571 | CW71: =+AVERAGE(CW39:CW65) -> 0.54851852 | CX71: =+AVERAGE(CX7:CX20) -> 0.99857143 | CY71: =+AVERAGE(CY21:CY34) -> 0.98214286 | CZ71: =+AVERAGE(CZ39:CZ65) -> 0.93925926 | DG71: ave | DH71: =+AVERAGE(DH13:DH35) -> 0.07610004 | DI71: =+AVERAGE(DI43:DI65) -> 0.084583116 | DJ71: =+AVERAGE(DJ43:DJ65) -> 0.19891491

Sheet original
AJ1: Table X. Available abundance indices for South Atlantic in 2026. | AN1: Table X. Available abundance indices for South Atlantic in 2026.
C2: SCRS/2026/029 | L2: SCRS/2026/048 | T2: SCRS_2026_042 | AD2: south | AJ2: updated | AK2: BRA-URY LL_NoVessel | AN2: updated | AO2: whole period | AP2: * this index was not updated because the fishery has ceased.
C3: Wmed SPNLL | L3: MORLL | T3: ITA | AD3: joint index | AK3: =+COUNT(AK6:AK37) -> 31 | AO3: =+COUNT(AO14:AO77) -> 31 | AQ3: =+COUNT(AQ14:AQ77) -> 12
L4: kg | T4: MESO_density_stdcpue | AJ4: source | AK4: SCRS/2026/052 | AN4: series | AO4: URY LL hist* | AQ4: URY LL*
C5: kg | AJ5: Year | AK5: Std. | AL5: CV | AN5: Use in 2026 SA
AJ6: 1994 | AK6: 1.094 | AL6: 0.092 | AN6: Use in 2021 SA
C7: year | D7: lsmean | E7: SE | F7: asymp.LCL | G7: asymp.UCL | H7: CV | L7: Year | M7: cpue | N7: ul | O7: ll | P7: Nom.CPUE | Q7: CV | T7: Year | U7: fit_resp | V7: lwr_resp | W7: upr_resp | Y7: N/1000hooks | Z7: CV calc | AD7: Year | AE7: GLM | AF7: CV | AG7: delta | AH7: CV | AJ7: 1995 | AK7: 1.425 | AL7: 0.071 | AN7: age range
C8: 1988 | D8: 128.575 | E8: 23.691 | F8: 89.6016 | G8: 184.5004 | H8: =+E8/D8 -> 0.18425822 | L8: 2012 | M8: 111.2 | N8: 154.806 | O8: 79.876 | P8: 159.022 | Q8: 0.04 | T8: 2010 | U8: 0.0090764912 | V8: 0.0081441884 | W8: 0.010186721 | Y8: =+U8*1000 -> 9.0764912 | Z8: =(W8-V8)/(4*U8) -> 0.056258859 | AD8: 1994 | AE8: 9.0141817 | AF8: 0.14684955 | AG8: 9.678401 | AH8: 0.046067407 | AJ8: 1996 | AK8: 1.726 | AL8: 0.058 | AN8: units of index | AO8: weight | AQ8: count
C9: 1989 | D9: 115.4062 | E9: 33.831 | F9: 64.9684 | G9: 205.0011 | H9: =+E9/D9 -> 0.29314716 | L9: 2013 | M9: 155.757 | N9: 206.833 | O9: 117.294 | P9: 195.627 | Q9: 0.03 | T9: 2011 | U9: 0.0078296923 | V9: 0.0072127981 | W9: 0.0085049081 | Y9: =+U9*1000 -> 7.8296923 | Z9: =(W9-V9)/(4*U9) -> 0.04125673 | AD9: 1995 | AE9: 7.5631639 | AF9: 0.11606218 | AG9: 8.4363388 | AH9: 0.045066153 | AJ9: 1997 | AK9: 1.605 | AL9: 0.063 | AN9: area | AO9: SW SAtl | AQ9: SW SAtl
C10: 1990 | D10: 122.1755 | E10: 32.3499 | F10: 72.7111 | G10: 205.2899 | H10: =+E10/D10 -> 0.26478222 | L10: 2014 | M10: 77.266 | N10: 106.08 | O10: 56.279 | P10: 126.916 | Q10: 0.04 | T10: 2012 | U10: 0.0061477463 | V10: 0.0056461576 | W10: 0.0066953149 | Y10: =+U10*1000 -> 6.1477463 | Z10: =(W10-V10)/(4*U10) -> 0.042664306 | AD10: 1996 | AE10: 12.890186 | AF10: 0.19392976 | AG10: 9.1710564 | AH10: 0.044391557 | AJ10: 1998 | AK10: 1.347 | AL10: 0.075 | AN10: method | AO10: GLM-delta-lognormal | AQ10: GLM-delta-lognormal
C11: 1991 | D11: 86.7179 | E11: 15.8536 | F11: 60.6029 | G11: 124.0863 | H11: =+E11/D11 -> 0.18281808 | L11: 2015 | M11: 88.18 | N11: 131.27 | O11: 59.234 | P11: 107.808 | Q11: 0.05 | T11: 2013 | U11: 0.0059399321 | V11: 0.0054065911 | W11: 0.0065297473 | Y11: =+U11*1000 -> 5.9399321 | Z11: =(W11-V11)/(4*U11) -> 0.047271426 | AD11: 1997 | AE11: 7.9059669 | AF11: 0.11719508 | AG11: 7.5944379 | AH11: 0.044500325 | AJ11: 1999 | AK11: 1.05 | AL11: 0.096 | AN11: time of the year | AO11: all months | AQ11: all months
C12: 1992 | D12: 74.2483 | E12: 13.5748 | F12: 51.8873 | G12: 106.2458 | H12: =+E12/D12 -> 0.18282978 | L12: 2016 | M12: 87.318 | N12: 136.677 | O12: 55.785 | P12: 115.757 | Q12: 0.05 | T12: 2014 | U12: 0.009639883 | V12: 0.0087986365 | W12: 0.010561635 | Y12: =+U12*1000 -> 9.639883 | Z12: =(W12-V12)/(4*U12) -> 0.045721466 | AD12: 1998 | AE12: 6.2614693 | AF12: 0.093310056 | AG12: 8.7230603 | AH12: 0.044656586 | AJ12: 2000 | AK12: 0.96 | AL12: 0.105 | AN12: source | AO12: SCRS/2013/101 | AQ12: SCRS/2017/078
C13: 1993 | D13: 98.0339 | E13: 17.8197 | F13: 68.6519 | G13: 139.9909 | H13: =+E13/D13 -> 0.1817708 | L13: 2017 | M13: 57.424 | N13: 72.778 | O13: 45.308 | P13: 68.904 | Q13: 0.03 | T13: 2015 | U13: 0.0054415709 | V13: 0.0049114269 | W13: 0.0060330543 | Y13: =+U13*1000 -> 5.4415709 | Z13: =(W13-V13)/(4*U13) -> 0.0515305 | AD13: 1999 | AE13: 5.4874359 | AF13: 0.077460051 | AG13: 6.1909225 | AH13: 0.043953254 | AJ13: 2001 | AK13: 0.849 | AL13: 0.119 | AN13: Year | AO13: Std. | AP13: CV | AQ13: Std. | AR13: CV
C14: 1994 | D14: 119.9387 | E14: 21.7249 | F14: 84.0965 | G14: 171.0568 | H14: =+E14/D14 -> 0.18113336 | L14: 2018 | M14: 63.629 | N14: 81.406 | O14: 49.735 | P14: 84.548 | Q14: 0.03 | T14: 2016 | U14: 0.0081003311 | V14: 0.0073120191 | W14: 0.0089836769 | Y14: =+U14*1000 -> 8.1003311 | Z14: =(W14-V14)/(4*U14) -> 0.051592268 | AD14: 2000 | AE14: 6.0765738 | AF14: 0.086760081 | AG14: 7.0119783 | AH14: 0.04400316 | AJ14: 2002 | AK14: 0.852 | AL14: 0.118 | AN14: 1962
C15: 1995 | D15: 94.2404 | E15: 17.0177 | F15: 66.1499 | G15: 134.2594 | H15: =+E15/D15 -> 0.18057754 | L15: 2019 | M15: 47.145 | N15: 60.53 | O15: 36.721 | P15: 64.052 | Q15: 0.03 | T15: 2017 | U15: 0.0065723788 | V15: 0.0059917025 | W15: 0.007215181 | Y15: =+U15*1000 -> 6.5723788 | Z15: =(W15-V15)/(4*U15) -> 0.046538651 | AD15: 2001 | AE15: 5.719262 | AF15: 0.082728059 | AG15: 6.250734 | AH15: 0.044116978 | AJ15: 2003 | AK15: 1.024 | AL15: 0.098 | AN15: 1963
C16: 1996 | D16: 80.784 | E16: 14.6504 | F16: 56.6185 | G16: 115.2638 | H16: =+E16/D16 -> 0.18135274 | L16: 2020 | M16: 53.662 | N16: 69.086 | O16: 41.682 | P16: 63.029 | Q16: 0.03 | T16: 2018 | U16: 0.0042250982 | V16: 0.003747842 | W16: 0.0047901695 | Y16: =+U16*1000 -> 4.2250982 | Z16: =(W16-V16)/(4*U16) -> 0.061674749 | AD16: 2002 | AE16: 4.5557372 | AF16: 0.06479948 | AG16: 4.6569676 | AH16: 0.043790922 | AJ16: 2004 | AK16: 0.953 | AL16: 0.106 | AN16: 1964
C17: 1997 | D17: 82.5939 | E17: 15.1066 | F17: 57.7113 | G17: 118.2047 | H17: =+E17/D17 -> 0.18290213 | L17: 2021 | M17: 55.357 | N17: 71.773 | O17: 42.696 | P17: 63.612 | Q17: 0.03 | T17: 2019 | U17: 0.0058211541 | V17: 0.0053651765 | W17: 0.0063169382 | Y17: =+U17*1000 -> 5.8211541 | Z17: =(W17-V17)/(4*U17) -> 0.04087513 | AD17: 2003 | AE17: 4.904793 | AF17: 0.073087551 | AG17: 6.2041868 | AH17: 0.044156993 | AJ17: 2005 | AK17: 1.043 | AL17: 0.097 | AN17: 1965
C18: 1998 | D18: 92.9999 | E18: 16.9557 | F18: 65.0567 | G18: 132.9454 | H18: =+E18/D18 -> 0.18231955 | L18: 2022 | M18: 57.375 | N18: 71.909 | O18: 45.779 | P18: 66.225 | Q18: 0.03 | T18: 2020 | U18: 0.0072149416 | V18: 0.006636651 | W18: 0.0078450472 | Y18: =+U18*1000 -> 7.2149416 | Z18: =(W18-V18)/(4*U18) -> 0.041871311 | AD18: 2004 | AE18: 4.1988694 | AF18: 0.058706154 | AG18: 5.3907527 | AH18: 0.043664249 | AJ18: 2006 | AK18: 1.177 | AL18: 0.086 | AN18: 1966
C19: 1999 | D19: 85.8754 | E19: 15.7071 | F19: 60.0039 | G19: 122.9017 | H19: =+E19/D19 -> 0.1829057 | L19: 2023 | M19: 55.386 | N19: 70.596 | O19: 43.453 | P19: 60.763 | Q19: 0.03 | T19: 2021 | U19: 0.0042987913 | V19: 0.0038854613 | W19: 0.0047733137 | Y19: =+U19*1000 -> 4.2987913 | Z19: =(W19-V19)/(4*U19) -> 0.05163384 | AD19: 2005 | AE19: 3.9986533 | AF19: 0.055274142 | AG19: 5.2772171 | AH19: 0.04356801 | AJ19: 2007 | AK19: 1.432 | AL19: 0.07 | AN19: 1967
C20: 2000 | D20: 121.4987 | E20: 36.3908 | F20: 67.5497 | G20: 218.5347 | H20: =+E20/D20 -> 0.29951596 | L20: 2024 | M20: 56.501 | N20: 70.731 | O20: 45.135 | P20: 64.233 | Q20: 0.03 | T20: 2022 | U20: 0.0052408182 | V20: 0.0047608974 | W20: 0.0057737269 | Y20: =+U20*1000 -> 5.2408182 | Z20: =(W20-V20)/(4*U20) -> 0.048314472 | AD20: 2006 | AE20: 6.2690396 | AF20: 0.086610142 | AG20: 7.8315231 | AH20: 0.043555552 | AJ20: 2008 | AK20: 1.072 | AL20: 0.094 | AN20: 1968
C21: 2001 | D21: 83.6254 | E21: 16.0225 | F21: 57.4446 | G21: 121.7382 | H21: =+E21/D21 -> 0.19159849 | T21: 2023 | U21: 0.0059063455 | V21: 0.005331186 | W21: 0.0065694001 | Y21: =+U21*1000 -> 5.9063455 | Z21: =(W21-V21)/(4*U21) -> 0.052410331 | AD21: 2007 | AE21: 6.0418192 | AF21: 0.082641117 | AG21: 8.2091134 | AH21: 0.043552637 | AJ21: 2009 | AK21: 1.012 | AL21: 0.1 | AN21: =+AN20+1 -> 1969
C22: 2002 | D22: 125.3074 | E22: 23.3785 | F22: 86.9298 | G22: 180.6279 | H22: =+E22/D22 -> 0.18656919 | AD22: 2008 | AE22: 6.3915306 | AF22: 0.090014405 | AG22: 8.4154817 | AH22: 0.044059611 | AJ22: 2010 | AK22: 1.191 | AL22: 0.085 | AN22: =+AN21+1 -> 1970
C23: 2003 | D23: 80.7836 | E23: 15.3763 | F23: 55.6296 | G23: 117.3114 | H23: =+E23/D23 -> 0.19033938 | AD23: 2009 | AE23: 4.8630497 | AF23: 0.067471587 | AG23: 6.6643838 | AH23: 0.044165002 | AJ23: 2011 | AK23: 1.049 | AL23: 0.109 | AN23: =+AN22+1 -> 1971
C24: 2004 | D24: 60.1142 | E24: 11.3637 | F24: 41.5021 | G24: 87.0732 | H24: =+E24/D24 -> 0.1890352 | T24: MESO_biomass_stdcpue | AD24: 2010 | AE24: 4.0413782 | AF24: 0.056116928 | AG24: 5.3863832 | AH24: 0.044824294 | AJ24: 2012 | AK24: 0.954 | AL24: 0.106 | AN24: =+AN23+1 -> 1972
C25: 2005 | D25: 81.7071 | E25: 15.937 | F25: 55.7485 | G25: 119.7531 | H25: =+E25/D25 -> 0.19505037 | T25: Year | U25: fit_resp | V25: lwr_resp | W25: upr_resp | Y25: W/1000hooks | Z25: CV calc | AD25: 2011 | AE25: 4.1202959 | AF25: 0.056112452 | AG25: 4.5953536 | AH25: 0.044350661 | AJ25: 2013 | AK25: 0.904 | AL25: 0.111 | AN25: =+AN24+1 -> 1973
C26: 2006 | D26: 108.5994 | E26: 22.1848 | F26: 72.7684 | G26: 162.0735 | H26: =+E26/D26 -> 0.20428105 | T26: 2010 | U26: 0.34014438 | V26: 0.30356109 | W26: 0.38383094 | Y26: =+U26*1000 -> 340.14438 | Z26: =(W26-V26)/(4*U26) -> 0.058996896 | AD26: 2012 | AE26: 4.1952586 | AF26: 0.057789642 | AG26: 5.0103946 | AH26: 0.044139462 | AJ26: 2014 | AK26: 0.961 | AL26: 0.105 | AN26: =+AN25+1 -> 1974
C27: 2007 | D27: 118.5871 | E27: 22.7417 | F27: 81.433 | G27: 172.6929 | H27: =+E27/D27 -> 0.19177212 | T27: 2011 | U27: 0.24855431 | V27: 0.2275488 | W27: 0.27170995 | Y27: =+U27*1000 -> 248.55431 | Z27: =(W27-V27)/(4*U27) -> 0.044418009 | AD27: 2013 | AE27: 4.7372413 | AF27: 0.066774589 | AG27: 6.4501486 | AH27: 0.044649807 | AJ27: 2015 | AK27: 1.017 | AL27: 0.099 | AN27: =+AN26+1 -> 1975
C28: 2008 | D28: 153.3728 | E28: 28.7786 | F28: 106.177 | G28: 221.5473 | H28: =+E28/D28 -> 0.18763823 | T28: 2012 | U28: 0.15682293 | V28: 0.14306094 | W28: 0.17195915 | Y28: =+U28*1000 -> 156.82293 | Z28: =(W28-V28)/(4*U28) -> 0.046068216 | AD28: 2014 | AE28: 4.3588027 | AF28: 0.060294624 | AG28: 5.1642474 | AH28: 0.04390242 | AJ28: 2016 | AK28: 0.997 | AL28: 0.101 | AN28: =+AN27+1 -> 1976
C29: 2009 | D29: 99.0274 | E29: 18.2596 | F29: 68.9926 | G29: 142.1374 | H29: =+E29/D29 -> 0.18438937 | T29: 2013 | U29: 0.17220186 | V29: 0.15567474 | W29: 0.1906061 | Y29: =+U29*1000 -> 172.20186 | Z29: =(W29-V29)/(4*U29) -> 0.050712811 | AD29: 2015 | AE29: 4.7191518 | AF29: 0.065973987 | AG29: 6.0779396 | AH29: 0.044294711 | AJ29: 2017 | AK29: 0.807 | AL29: 0.125 | AN29: =+AN28+1 -> 1977
C30: 2010 | D30: 106.1998 | E30: 19.5139 | F30: 74.0829 | G30: 152.2403 | H30: =+E30/D30 -> 0.18374705 | T30: 2014 | U30: 0.24586649 | V30: 0.22291034 | W30: 0.27118895 | Y30: =+U30*1000 -> 245.86649 | Z30: =(W30-V30)/(4*U30) -> 0.049090274 | AD30: 2016 | AE30: 4.7922717 | AF30: 0.066473144 | AG30: 5.5996064 | AH30: 0.043990862 | AJ30: 2018 | AK30: 0.927 | AL30: 0.109 | AN30: =+AN29+1 -> 1978
C31: 2011 | D31: 101.9984 | E31: 18.701 | F31: 71.208 | G31: 146.1027 | H31: =+E31/D31 -> 0.18334601 | T31: 2015 | U31: 0.15999437 | V31: 0.14334231 | W31: 0.17871938 | Y31: =+U31*1000 -> 159.99437 | Z31: =(W31-V31)/(4*U31) -> 0.055278615 | AD31: 2017 | AE31: 4.3819972 | AF31: 0.060878604 | AG31: 5.1546113 | AH31: 0.044296832 | AJ31: 2019 | AK31: 0.803 | AL31: 0.126 | AN31: =+AN30+1 -> 1979
C32: 2012 | D32: 135.0474 | E32: 24.9521 | F32: 94.0186 | G32: 193.9807 | H32: =+E32/D32 -> 0.1847655 | T32: 2016 | U32: 0.20505624 | V32: 0.18367585 | W32: 0.22921794 | Y32: =+U32*1000 -> 205.05624 | Z32: =(W32-V32)/(4*U32) -> 0.055523901 | AD32: 2018 | AE32: 4.6891984 | AF32: 0.064345229 | AG32: 6.3867323 | AH32: 0.043834558 | AJ32: 2020 | AK32: 0.645 | AL32: 0.156 | AN32: =+AN31+1 -> 1980
C33: 2013 | D33: 89.2538 | E33: 16.0995 | F33: 62.6741 | G33: 127.1058 | H33: =+E33/D33 -> 0.18037887 | T33: 2017 | U33: 0.1811787 | V33: 0.16410597 | W33: 0.20021446 | Y33: =+U33*1000 -> 181.1787 | Z33: =(W33-V33)/(4*U33) -> 0.049824421 | AD33: 2019 | AE33: 4.2384281 | AF33: 0.058044872 | AG33: 5.1978342 | AH33: 0.043757235 | AJ33: 2021 | AK33: 0.796 | AL33: 0.127 | AN33: =+AN32+1 -> 1981
C34: 2014 | D34: 96.4352 | E34: 17.3999 | F34: 67.7099 | G34: 137.3468 | H34: =+E34/D34 -> 0.180431 | T34: 2018 | U34: 0.12377081 | V34: 0.10920078 | W34: 0.14098455 | Y34: =+U34*1000 -> 123.77081 | Z34: =(W34-V34)/(4*U34) -> 0.064198846 | AD34: 2020 | AE34: 4.3217218 | AF34: 0.060412342 | AG34: 5.1558842 | AH34: 0.04421268 | AJ34: 2022 | AK34: 0.826 | AL34: 0.122 | AN34: =+AN33+1 -> 1982 | AO34: 736 | AP34: 0.48
C35: 2015 | D35: 86.1278 | E35: 15.4953 | F35: 60.5346 | G35: 122.5416 | H35: =+E35/D35 -> 0.17991055 | T35: 2019 | U35: 0.17719015 | V35: 0.16241383 | W35: 0.193343 | Y35: =+U35*1000 -> 177.19015 | Z35: =(W35-V35)/(4*U35) -> 0.043638391 | AD35: 2021 | AE35: 4.5960721 | AF35: 0.066512496 | AG35: 5.4082688 | AH35: 0.044327497 | AJ35: 2023 | AK35: 0.815 | AL35: 0.124 | AN35: =+AN34+1 -> 1983 | AO35: 407 | AP35: 0.48
C36: 2016 | D36: 70.5992 | E36: 12.7139 | F36: 49.6032 | G36: 100.4823 | H36: =+E36/D36 -> 0.18008561 | T36: 2020 | U36: 0.210155 | V36: 0.19216008 | W36: 0.22988361 | Y36: =+U36*1000 -> 210.155 | Z36: =(W36-V36)/(4*U36) -> 0.044875837 | AD36: 2022 | AE36: 4.773078 | AF36: 0.067363494 | AG36: 6.0171016 | AH36: 0.044002571 | AJ36: 2024 | AK36: 0.635 | AL36: 0.159 | AN36: =+AN35+1 -> 1984 | AO36: 283 | AP36: 0.49
C37: 2017 | D37: 124.6284 | E37: 27.0623 | F37: 81.4299 | G37: 190.7437 | H37: =+E37/D37 -> 0.21714393 | T37: 2021 | U37: 0.12729673 | V37: 0.1145753 | W37: 0.14190827 | Y37: =+U37*1000 -> 127.29673 | Z37: =(W37-V37)/(4*U37) -> 0.05367964 | AD37: 2023 | AE37: 5.3858463 | AF37: 0.07516176 | AG37: 7.3382241 | AH37: 0.043676017 | AN37: =+AN36+1 -> 1985 | AO37: 155 | AP37: 0.53
C38: 2018 | D38: 106.9404 | E38: 21.584 | F38: 72.0015 | G38: 158.8334 | H38: =+E38/D38 -> 0.20183205 | T38: 2022 | U38: 0.16847428 | V38: 0.15209776 | W38: 0.18674729 | Y38: =+U38*1000 -> 168.47428 | Z38: =(W38-V38)/(4*U38) -> 0.051416637 | AD38: 2024 | AE38: 5.0199676 | AF38: 0.070384679 | AG38: 6.5342982 | AH38: 0.043805691 | AN38: =+AN37+1 -> 1986 | AO38: 189 | AP38: 0.54
C39: 2019 | D39: 79.2055 | E39: 15.3635 | F39: 54.1561 | G39: 115.8412 | H39: =+E39/D39 -> 0.19397012 | T39: 2023 | U39: 0.18365313 | V39: 0.1648613 | W39: 0.20531392 | Y39: =+U39*1000 -> 183.65313 | Z39: =(W39-V39)/(4*U39) -> 0.055066605 | AN39: =+AN38+1 -> 1987 | AO39: 386 | AP39: 0.49
C40: 2020 | D40: 77.893 | E40: 15.4455 | F40: 52.8095 | G40: 114.8906 | H40: =+E40/D40 -> 0.19829125 | AN40: =+AN39+1 -> 1988 | AO40: 272 | AP40: 0.51
C41: 2021 | D41: 93.605 | E41: 23.9767 | F41: 56.6587 | G41: 154.6436 | H41: =+E41/D41 -> 0.25614764 | AN41: =+AN40+1 -> 1989 | AO41: 347 | AP41: 0.54
C42: 2022 | D42: 91.8761 | E42: 23.5549 | F42: 55.5872 | G42: 151.8555 | H42: =+E42/D42 -> 0.25637679 | AN42: =+AN41+1 -> 1990 | AO42: 270 | AP42: 0.52
C43: 2023 | D43: 99.3975 | E43: 25.8177 | F43: 59.7424 | G43: 165.3745 | H43: =+E43/D43 -> 0.25974195 | AN43: =+AN42+1 -> 1991 | AO43: 270 | AP43: 0.56
C44: 2024 | D44: 72.807 | E44: 19.1853 | F44: 43.4385 | G44: 122.0316 | H44: =+E44/D44 -> 0.263509 | AN44: =+AN43+1 -> 1992 | AO44: 189 | AP44: 0.57
AN45: =+AN44+1 -> 1993 | AO45: 463 | AP45: 0.56
AN46: =+AN45+1 -> 1994 | AO46: 334 | AP46: 0.53
B47: num | AN47: =+AN46+1 -> 1995 | AO47: 500 | AP47: 0.5
C48: year | D48: lsmean | E48: SE | F48: asymp.LCL | G48: asymp.UCL | AN48: =+AN47+1 -> 1996 | AO48: 416 | AP48: 0.48
C49: 1988 | D49: 11.7582 | E49: 1.5547 | F49: 9.0738 | G49: 15.2367 | H49: =+E49/D49 -> 0.13222262 | AN49: =+AN48+1 -> 1997 | AO49: 452 | AP49: 0.51
C50: 1989 | D50: 4.1086 | E50: 0.9579 | F50: 2.6016 | G50: 6.4886 | H50: =+E50/D50 -> 0.23314511 | AN50: =+AN49+1 -> 1998 | AO50: 347 | AP50: 0.51
C51: 1990 | D51: 4.6593 | E51: 0.9774 | F51: 3.0886 | G51: 7.0287 | H51: =+E51/D51 -> 0.209774 | AN51: =+AN50+1 -> 1999 | AO51: 330 | AP51: 0.48
C52: 1991 | D52: 7.3097 | E52: 0.9701 | F52: 5.6355 | G52: 9.4812 | H52: =+E52/D52 -> 0.13271406 | AN52: =+AN51+1 -> 2000 | AO52: 376 | AP52: 0.5
C53: 1992 | D53: 8.2662 | E53: 1.0932 | F53: 6.3787 | G53: 10.7123 | H53: =+E53/D53 -> 0.1322494 | AN53: =+AN52+1 -> 2001 | AO53: 334 | AP53: 0.5 | AQ53: 6.47
C54: 1993 | D54: 8.2301 | E54: 1.0822 | F54: 6.3603 | G54: 10.6495 | H54: =+E54/D54 -> 0.13149293 | AN54: =+AN53+1 -> 2002 | AO54: 188 | AP54: 0.55 | AQ54: 4.13 | AR54: 0.76
C55: 1994 | D55: 10.362 | E55: 1.3545 | F55: 8.0201 | G55: 13.3877 | H55: =+E55/D55 -> 0.13071801 | AN55: =+AN54+1 -> 2003 | AO55: 193 | AP55: 0.55 | AQ55: 6.17 | AR55: 0.43
C56: 1995 | D56: 8.754 | E56: 1.1393 | F56: 6.7831 | G56: 11.2977 | H56: =+E56/D56 -> 0.13014622 | AN56: =+AN55+1 -> 2004 | AO56: 312 | AP56: 0.51 | AQ56: 5.22 | AR56: 0.42
C57: 1996 | D57: 5.9796 | E57: 0.7833 | F57: 4.6256 | G57: 7.73 | H57: =+E57/D57 -> 0.13099538 | AN57: =+AN56+1 -> 2005 | AO57: 250 | AP57: 0.5 | AQ57: 5.21 | AR57: 0.43
C58: 1997 | D58: 5.742 | E58: 0.7625 | F58: 4.4261 | G58: 7.449 | H58: =+E58/D58 -> 0.13279345 | AN58: =+AN57+1 -> 2006 | AO58: 303 | AP58: 0.5 | AQ58: 5.5 | AR58: 0.34
C59: 1998 | D59: 7.0884 | E59: 0.9346 | F59: 5.4741 | G59: 9.1787 | H59: =+E59/D59 -> 0.13184922 | AN59: =+AN58+1 -> 2007 | AO59: 284 | AP59: 0.48 | AQ59: 4.96 | AR59: 0.39
C60: 1999 | D60: 5.6138 | E60: 0.7442 | F60: 4.3292 | G60: 7.2795 | H60: =+E60/D60 -> 0.13256618 | AN60: =+AN59+1 -> 2008 | AO60: 177 | AP60: 0.51 | AQ60: 3.23 | AR60: 0.44
C61: 2000 | D61: 4.6591 | E61: 1.08 | F61: 2.958 | G61: 7.3385 | H61: =+E61/D61 -> 0.23180443 | AN61: =+AN60+1 -> 2009 | AO61: 210 | AP61: 0.51 | AQ61: 3.51 | AR61: 0.41
C62: 2001 | D62: 6.0998 | E62: 0.856 | F62: 4.6331 | G62: 8.0308 | H62: =+E62/D62 -> 0.14033247 | AN62: =+AN61+1 -> 2010 | AO62: 206 | AP62: 0.53 | AQ62: 3.29 | AR62: 0.45
C63: 2002 | D63: 11.2956 | E63: 1.534 | F63: 8.656 | G63: 14.7402 | H63: =+E63/D63 -> 0.13580509 | AN63: =+AN62+1 -> 2011 | AO63: 91 | AP63: 0.61 | AQ63: 2 | AR63: 0.43
C64: 2003 | D64: 7.076 | E64: 0.98 | F64: 5.3939 | G64: 9.2827 | H64: =+E64/D64 -> 0.13849633 | AN64: =+AN63+1 -> 2012 | AO64: 121 | AP64: 0.54 | AQ64: 5.08 | AR64: 0.47
C65: 2004 | D65: 5.0777 | E65: 0.7028 | F65: 3.8713 | G65: 6.66 | H65: =+E65/D65 -> 0.13840912 | AN65: =+AN64+1 -> 2013
C66: 2005 | D66: 6.2752 | E66: 0.8983 | F66: 4.74 | G66: 8.3075 | H66: =+E66/D66 -> 0.14315082 | AN66: =+AN65+1 -> 2014
C67: 2006 | D67: 7.0103 | E67: 1.0576 | F67: 5.2158 | G67: 9.4221 | H67: =+E67/D67 -> 0.15086373 | AN67: =+AN66+1 -> 2015
C68: 2007 | D68: 9.3298 | E68: 1.3055 | F68: 7.0919 | G68: 12.2739 | H68: =+E68/D68 -> 0.13992797 | AN68: =+AN67+1 -> 2016
C69: 2008 | D69: 8.6974 | E69: 1.1907 | F69: 6.6505 | G69: 11.3742 | H69: =+E69/D69 -> 0.13690298 | AN69: =+AN68+1 -> 2017
C70: 2009 | D70: 4.9981 | E70: 0.6695 | F70: 3.8439 | G70: 6.4987 | H70: =+E70/D70 -> 0.1339509 | AN70: =+AN69+1 -> 2018
C71: 2010 | D71: 5.5176 | E71: 0.7382 | F71: 4.2449 | G71: 7.1717 | H71: =+E71/D71 -> 0.13379005 | AN71: =+AN70+1 -> 2019
C72: 2011 | D72: 6.2457 | E72: 0.8304 | F72: 4.8129 | G72: 8.1051 | H72: =+E72/D72 -> 0.13295547 | AN72: =+AN71+1 -> 2020
C73: 2012 | D73: 8.5124 | E73: 1.1405 | F73: 6.5464 | G73: 11.0688 | H73: =+E73/D73 -> 0.13398102 | AN73: =+AN72+1 -> 2021
C74: 2013 | D74: 6.6513 | E74: 0.8647 | F74: 5.1552 | G74: 8.5817 | H74: =+E74/D74 -> 0.13000466 | AN74: =+AN73+1 -> 2022
C75: 2014 | D75: 6.8519 | E75: 0.8907 | F75: 5.3108 | G75: 8.8402 | H75: =+E75/D75 -> 0.12999314 | AN75: =+AN74+1 -> 2023
C76: 2015 | D76: 6.8243 | E76: 0.8829 | F76: 5.2958 | G76: 8.794 | H76: =+E76/D76 -> 0.12937591 | AN76: =+AN75+1 -> 2024
C77: 2016 | D77: 6.8735 | E77: 0.8911 | F77: 5.3313 | G77: 8.8619 | H77: =+E77/D77 -> 0.12964283
C78: 2017 | D78: 6.4326 | E78: 1.0082 | F78: 4.7312 | G78: 8.7458 | H78: =+E78/D78 -> 0.15673289
C79: 2018 | D79: 5.1405 | E79: 0.7398 | F79: 3.8771 | G79: 6.8156 | H79: =+E79/D79 -> 0.14391596
C80: 2019 | D80: 4.7872 | E80: 0.6582 | F80: 3.6564 | G80: 6.2678 | H80: =+E80/D80 -> 0.13749164
C81: 2020 | D81: 5.1363 | E81: 0.7194 | F81: 3.9033 | G81: 6.7588 | H81: =+E81/D81 -> 0.14006191
C82: 2021 | D82: 6.6537 | E82: 1.295 | F82: 4.5436 | G82: 9.744 | H82: =+E82/D82 -> 0.19462855
C83: 2022 | D83: 6.1155 | E83: 1.1911 | F83: 4.175 | G83: 8.958 | H83: =+E83/D83 -> 0.19476739
C84: 2023 | D84: 6.0801 | E84: 1.203 | F84: 4.1256 | G84: 8.9604 | H84: =+E84/D84 -> 0.19785859
C85: 2024 | D85: 6.7824 | E85: 1.368 | F85: 4.5677 | G85: 10.0709 | H85: =+E85/D85 -> 0.20169851
